252621561,-3.075205,0.50774413,7.38624
252621571,-3.145858,0.4670288,7.36708
252621670,-3.2787817,0.71850586,7.261699
252621680,-3.4967284,0.429906,7.2221813
252621689,-3.5075061,0.2562671,7.249724
252621699,-3.307522,0.21674927,7.350315
252621709,-3.2033386,0.16645385,7.35271
252621719,-3.109933,0.2838098,7.267687
252621729,-3.0859826,0.432301,7.303612
252621739,-3.0991552,0.70772827,7.33834
252621749,-3.145858,1.1076965,7.2365513
252621758,-3.253634,1.3998889,7.141948
252621768,-3.2847693,1.3292358,7.08327
252621778,-3.2715967,0.91010743,7.094048
252621788,-3.2356713,0.5939648,7.2796617
252621798,-3.150648,0.49337402,7.413783
252621808,-2.9183314,0.7113208,7.3575
252621818,-3.006947,1.0621911,7.36229
252621828,-3.1063404,1.3867164,7.3610926
252621837,-3.305127,1.3519886,7.296427
252621847,-3.3446448,1.1304492,7.141948
252621857,-3.3206947,0.87657714,7.249724
252621867,-3.0931678,0.8083191,7.3000197
252621877,-2.8404932,1.035846,7.276069
252621887,-2.7985804,1.3208532,7.140751
252621897,-2.8369007,1.5028747,7.012617
252621906,-3.051255,1.3759388,6.8246083
252621916,-3.1698084,1.2957056,6.8186207
252621926,-3.1650183,1.23104,6.827003
252621936,-3.0476623,1.3388159,6.734795
252621946,-2.8512707,1.4597644,6.524033
252621956,-3.0213172,1.5723304,6.3515916
252621966,-3.1745985,1.4298266,6.3180614
252621975,-3.109933,1.0621911,6.2593837
252621985,-3.109933,0.37242553,6.397097
252621995,-2.9303064,-0.0371228,6.749165
252622005,-2.6249413,-0.21315674,7.0162096
252622015,-2.3099964,-0.10059082,7.2173915
252622025,-2.2848487,-0.04670288,7.322772
252622035,-2.46208,0.15447876,7.0162096
252622044,-2.6033862,0.60234743,6.873706
252622054,-2.7231371,0.9687854,6.9455566
252622064,-2.818938,1.1508069,6.5360084
252622074,-3.1159203,1.3783337,6.2977037
252622084,-3.1470556,1.6573535,6.2150755
252622094,-3.2045362,1.6310083,6.018684
252622104,-3.3530273,1.3052857,5.8175025
252622114,-3.333867,1.0921289,5.933661
252622123,-3.422483,0.3903882,6.316864
252622133,-3.3482373,-0.3939807,6.683302
252622143,-3.065625,-1.0142908,7.298822
252622153,-2.5483007,-1.4789245,7.4808435
252622163,-1.8262024,-1.6884887,7.540719
252622173,-1.6154407,-1.5220349,7.6221495
252622183,-1.7747095,-1.2765454,7.0868626
252622192,-2.046544,-0.7927515,6.5910935
252622202,-2.1171973,-0.40595582,6.301296
252622212,-2.0573218,-0.48738647,6.236631
252622222,-2.1998255,-1.0154883,6.41506
252622232,-2.1567152,-1.9291883,6.2318406
252622242,-2.1507275,-3.0799952,6.525231
252622252,-2.1854553,-3.920647,7.04974
252622262,-1.9734961,-4.4152184,7.3778577
252622271,-1.6681311,-4.28948,8.264015
252622281,-0.8789722,-3.4631982,8.635242
252622291,-0.3329077,-2.826123,8.582553
252622301,-0.1580713,-2.762655,7.770641
252622311,-1.4837146,-2.821333,8.168214
252622321,-1.9986438,-2.6656568,7.8879967
252622331,-1.658551,-2.518363,6.7312026
252622340,-1.8142273,-2.8225305,6.8749037
252622350,-1.5878979,-3.241659,6.716832
252622360,-1.5352075,-4.115841,6.843768
252622370,-1.4968872,-4.223617,7.5191636
252622380,-1.2082874,-2.7566674,7.597002
252622390,-0.9352551,-1.7962646,6.6078587
252622400,-1.7184265,-1.2154725,6.2378283
252622410,-2.020199,-1.1951147,5.661826
252622419,-2.6979895,-1.346001,5.6558385
252622429,-3.4847534,-1.8226099,5.943241
252622439,-3.681145,-3.2284863,6.2102857
252622449,-3.803291,-5.173242,6.524033
252622459,-3.3877552,-7.197034,6.339617
252622469,-2.5195606,-8.868757,5.4462743
252622479,-1.7950672,-9.534573,4.775669
252622488,-1.3388159,-9.569301,3.9601648
252622498,-1.4489868,-9.432784,3.7625756
252622508,-1.4932947,-9.607621,3.9194496
252622518,-1.961521,-10.237511,4.8008165
252622528,-1.9854712,-10.896141,5.926476
252622538,-1.8262024,-10.73328,6.998247
252622548,-1.6753162,-8.788525,7.9981675
252622558,-1.895658,-5.82828,8.496332
252622567,-2.4369323,-3.8487964,7.4964113
252622577,-3.5901344,-3.6164794,5.9635987
252622587,-4.4224033,-4.2727146,5.684579
252622597,-4.5637097,-5.0666637,6.030659
252622607,-4.4032435,-6.6653395,6.6485744
252622617,-4.485872,-8.264015,6.692882
252622627,-4.123026,-9.624386,6.332432
252622636,-4.01525,-9.328601,6.1767554
252622646,-4.02962,-8.402926,5.5384827
252622656,-4.6738806,-8.144264,5.037924
252622666,-5.3923864,-9.439969,5.652246
252622676,-5.2846107,-11.5823145,4.1122484
252622686,-4.5852647,-12.108021,3.3697925
252622696,-3.0177245,-11.227852,2.1243823
252622705,-1.6872913,-9.554931,0.3820056
252622715,-1.0717713,-8.020921,-0.34608033
252622725,-1.22625,-7.042555,-1.101709
252622735,-1.7878821,-6.6401916,-1.3364209
252622745,-2.4656725,-7.4616833,-1.0178833
252622755,-2.6393116,-8.065228,-0.7592212
252622765,-2.2094054,-8.465197,-1.1927197
252622775,-1.7088464,-8.431666,-1.5819104
252622784,-1.1400293,-8.101153,-1.7064514
252622794,-0.9448352,-8.000563,-2.2489233
252622804,-1.1436218,-8.469987,-2.3806493
252622814,-2.2453308,-9.932146,-1.6741186
252622824,-2.7686427,-11.62303,-1.0310559
252622855,-2.7279272,-11.446996,-2.1411474
252622874,-1.9902612,-8.806487,-4.57329
252622884,-2.311194,-8.119116,-5.892946
252622894,-3.197351,-8.655601,-6.2881236
252622904,-4.5541296,-10.038724,-5.085824
252622914,-5.398374,-12.29603,-4.6571155
252622924,-6.2785435,-12.795392,-4.096681
252622934,-6.8258057,-12.460089,-4.8582973
252622944,-6.483318,-11.591894,-6.219866
252622953,-5.588778,-9.735754,-6.4473925
252622963,-3.8188586,-9.568103,-7.005432
252622973,-2.3806493,-10.778786,-5.8582177
252622983,-1.5064673,-11.845767,-4.196074
252622993,-0.6622229,-11.832594,-2.1639001
252623003,-0.32572266,-10.528506,-1.3052857
252623013,-0.20956421,-9.335786,-2.1615052
252623023,-0.8837622,-7.96344,-2.074087
252623032,-1.465752,-7.2102065,-1.3651612
252623042,-1.7651294,-7.091653,0.010777588
252623052,-1.7675244,-7.486831,1.1364368
252623062,-1.6094531,-8.291557,1.6956738
252623072,-1.6453785,-7.9742174,2.3052063
252623082,-1.6274158,-7.595804,2.5890162
252623092,-1.5064673,-7.5922117,2.2920337
252623101,-1.8968555,-6.884484,1.7926722
252623111,-2.7003846,-6.683302,1.5962806
252623121,-3.1686108,-7.1706886,2.0968397
252623131,-3.4129028,-8.026908,1.848955
252623141,-3.5853443,-7.6904078,1.8250049
252623151,-3.6536024,-7.2628965,1.5699353
252623161,-3.8428087,-7.156318,1.775907
252623171,-4.3637257,-7.2652917,2.6057813
252623180,-4.768484,-7.938292,4.622388
252623190,-4.2559495,-8.725056,5.170847
252623200,-3.4404457,-8.995693,4.758904
252623210,-3.102748,-9.036408,4.623585
252623220,-2.642904,-9.301059,4.567302
252623230,-2.0513341,-9.45434,4.658313
252623240,-1.6441809,-9.583671,5.732479
252623249,-1.9483484,-9.606423,7.5443115
252623259,-2.2321582,-9.336984,7.1826634
252623269,-2.503993,-8.20414,6.603069
252623279,-3.1698084,-7.270082,6.3108764
252623289,-3.6416273,-7.0090246,6.072572
252623299,-3.4775684,-6.8246083,5.767207
252623309,-3.0368848,-6.9611244,5.0989966
252623319,-2.4489074,-7.03537,4.8990126
252623328,-2.3064039,-6.634204,5.254673
252623338,-2.5686584,-6.1516075,5.315746
252623348,-3.004552,-5.6893687,5.142107
252623358,-3.121908,-5.8330703,4.1122484
252623368,-3.3446448,-6.7276096,2.335144
252623378,-3.9493873,-7.133566,2.403402
252623388,-4.5277843,-7.05932,3.7278478
252623397,-4.7864466,-7.4485106,4.206852
252623407,-4.409231,-7.5658665,5.151687
252623432,-3.5015185,-7.442523,4.9720607
252623451,-3.7697608,-7.3575,4.9433203
252623460,-3.612887,-7.745493,4.3637257
252623471,-3.36141,-8.065228,3.7685633
252623481,-3.5745666,-7.826924,4.0092626
252623491,-3.5350487,-7.6472974,4.0272255
252623501,-3.5063086,-7.4341407,4.0751257
252623511,-3.3494349,-7.3982153,4.2655296
252623521,-3.3159046,-7.0018396,4.2272096
252623530,-2.7830126,-6.9024463,3.7146752
252623540,-2.191443,-7.047345,2.5902135
252623550,-1.8501526,-7.3359447,0.8095166
252623560,-1.9483484,-7.4904237,0.89334226
252623570,-2.1854553,-7.9826,2.4129822
252623580,-2.3998096,-8.88193,2.5339308
252623590,-2.1579125,-9.350156,2.1088147
252623600,-2.3507116,-9.734557,2.1854553
252623609,-2.767445,-8.993299,2.8476782
252623619,-2.706372,-7.7754307,3.7110827
252623629,-2.3004162,-6.5455885,3.8943017
252623639,-2.088457,-5.3456836,4.8235693
252623649,-2.2728736,-5.2175503,5.7564297
252623659,-2.3315516,-5.1672544,6.227051
252623669,-1.6238233,-5.3504734,5.285808
252623678,-1.1316468,-4.9792457,4.487069
252623688,-1.0801538,-4.7768664,3.1865735
252623698,-1.7842896,-5.5684204,2.2357507
252623708,-2.5447083,-6.7204247,2.9362938
252623718,-3.5973194,-8.6136875,5.2917957
252623728,-4.5373645,-10.904524,7.531139
252623738,-3.925437,-11.926,7.1539235
252623747,-2.7806177,-11.214679,6.697672
252623757,-1.712439,-10.021959,5.8953404
252623767,-0.83945435,-8.853189,5.8857603
252623777,-0.40595582,-7.296427,6.0893373
252623787,-0.42152345,-5.484595,5.979166
252623797,-1.6705261,-4.980443,6.177953
252623807,-2.9865894,-4.5445495,7.270082
252623817,-4.0667434,-4.526587,7.6892104
252623826,-4.1445813,-4.566105,7.1168003
252623836,-3.7386255,-4.6403503,6.490503
252623846,-3.5278637,-4.6738806,7.2018237
252623856,-3.5003211,-4.9852333,8.243657
252623866,-3.2260914,-4.7612987,8.071216
252623876,-3.849994,-4.4499464,9.006471
252623886,-3.7278478,-4.0679407,8.52627
252623895,-2.9770093,-3.2201037,7.179071
252623905,-2.654879,-2.8321106,7.0150123
252623915,-2.6165588,-2.9099488,7.0186048
252623925,-2.6081762,-3.3566198,6.8066454
252623935,-2.6596692,-4.5122166,5.7217016
252623945,-2.2573059,-5.393584,5.4390893
252623955,-1.5016773,-5.4702244,4.8978148
252623965,-0.74125856,-4.5158095,3.3242872
252623974,0.065863036,-4.003275,0.87178713
252623984,-0.5065466,-3.857179,0.16884887
252623994,-2.1052222,-2.2070105,1.2801379
252624004,-2.7339149,-2.1758752,1.0861413
252624014,-2.7949877,-2.899171,0.43709105
252624024,-2.7410998,-5.0966015,0.13891113
252624034,-3.202141,-8.072413,0.96519285
252624043,-3.502716,-10.850636,4.2595425
252624053,-3.1326857,-12.722343,5.9420433
252624063,-1.6154407,-12.457694,5.647456
252624073,-0.27183473,-11.151211,4.758904
252624083,-0.12933105,-9.3872795,3.2871642
252624093,-0.067060545,-7.085665,0.026345216
252624103,-0.2706372,-5.652246,-4.133804
252624112,0.034727782,-6.6282167,-8.687933
252624122,-0.55803955,-7.066505,-7.5754466
252624132,0.11975098,-7.484436,-4.932543
252624142,1.1819421,-7.984995,-5.3696337
252624152,1.0609937,-9.625584,-6.0007215
252624162,-0.09580078,-10.860216,-6.5994763
252624172,-1.9172131,-10.469828,-5.2043777
252624182,-2.5423133,-9.960886,-6.3503942
252624191,-1.9327807,-9.895023,-9.104667
252624201,-0.99752563,-10.110575,-9.513018
252624211,-0.10897339,-10.734478,-8.322693
252624221,0.91609496,-11.196716,-8.783734
252624231,1.0274634,-10.461445,-10.944042
252624241,0.7197034,-9.19927,-13.218113
252624251,0.05628296,-7.401808,-12.989388
252624261,-0.7161108,-6.995852,-9.782457
252624270,-2.4297473,-8.235274,-6.074967
252624280,-2.809358,-10.009984,-6.661747
252624290,-2.4261549,-13.400134,-9.619596
252624300,-2.4740553,-15.0515,-10.312954
252624310,-0.73407346,-13.272,-10.932067
252624320,2.1411474,-10.190808,-11.915222
252624330,3.7434156,-6.908434,-10.827884
252624357,1.0502161,-5.8761806,-6.8772984
252624377,-3.5434313,-8.541837,-2.083667
252624386,-3.6116896,-10.9632015,-4.261937
252624397,-3.5769618,-12.685221,-5.8079224
252624406,-2.6069787,-13.873151,-5.886958
252624416,-0.51971924,-13.977334,-5.219945
252624426,1.0274634,-11.494896,-3.6440222
252624436,1.592688,-7.9346995,-4.1302114
252624446,0.864602,-5.3780165,-9.103469
252624456,-0.554447,-3.798501,-12.400213
252624466,-1.4956897,-4.0188427,-13.501923
252624475,-1.7411792,-5.2894006,-11.24342
252624485,-1.4861096,-6.5719337,-7.388635
252624495,-0.81310916,-8.368198,-5.806725
252624505,-0.58558226,-10.084229,-4.3469605
252624515,-0.7604187,-11.564352,-3.1817834
252624525,-0.7879614,-12.670851,-2.4812403
252624535,-0.52450925,-11.975098,-2.762655
252624544,-0.025147704,-11.600277,-3.5482213
252624554,0.16405883,-10.711725,-4.3709106
252624564,0.16765137,-10.563233,-6.2378283
252624574,-0.31734008,-9.263935,-5.126539
252624584,-0.05987549,-9.541758,-6.1791506
252624594,-0.04670288,-9.842333,-6.4102697
252624604,-0.3580554,-9.692644,-6.7946706
252624614,-0.9460327,-8.860374,-7.676038
252624623,-0.64186525,-8.933423,-8.909472
252624633,-0.31015503,-9.157357,-9.580078
252624643,1.111289,-8.274793,-9.777667
252624653,2.6297314,-6.1851377,-8.351433
252624663,3.4811609,-5.5684204,-8.199349
252624673,2.7027795,-6.062992,-7.1730833
252624683,0.0119750975,-6.4246397,-5.595963
252624692,-1.108894,-5.8402553,-4.949308
252624702,-2.9015663,-5.9276733,-4.6990285
252624712,-2.838098,-5.618716,-5.8390574
252624722,-1.9112256,-6.053412,-7.1263804
252624732,-0.122145995,-5.4414845,-8.808882
252624742,-0.025147704,-4.008065,-9.372909
252624752,0.31374756,-6.612649,-11.100916
252624762,-0.86579955,-7.835306,-11.425441
252624771,-0.97237796,-11.924802,-11.896062
252624781,-1.2681628,-12.972623,-10.5620365
252624791,-0.50894165,-12.390634,-9.037606
252624801,0.73048097,-11.813434,-7.8556643
252624811,1.0130932,-12.221785,-6.8533483
252624821,1.1100916,-12.91634,-5.508545
252624831,1.1663746,-13.383369,-4.714596
252624840,0.9065149,-12.716356,-4.8008165
252624850,0.5161267,-11.576327,-5.9216857
252624860,0.0047900393,-10.157278,-6.8317933
252624870,-0.9556128,-9.177715,-7.060518
252624880,-1.5747254,-8.823252,-6.837781
252624890,-2.0585194,-8.883127,-4.87626
252624900,-1.7363892,-9.77168,-3.2045362
252624909,-1.0585986,-11.100916,-3.2033386
252624919,-0.7747888,-11.545192,-2.9159362
252624929,-0.53289187,-10.682984,-2.7985804
252624939,-0.55923706,-8.982521,-3.0955627
252624949,-1.2226574,-7.4736586,-3.0907726
252624959,-2.1052222,-6.7120423,-3.7601807
252624969,-2.5099804,-6.724017,-4.918173
252624979,-2.9219239,-7.514374,-5.6163206
252624988,-2.762655,-8.513097,-5.0403185
252624998,-2.0501368,-9.661509,-5.1456995
252625008,-1.4406042,-10.358459,-5.2810183
252625018,-1.4765296,-10.443482,-3.38536
252625028,-0.920885,-9.981244,-2.1890478
252625038,-1.2118798,-9.46871,-2.3291564
252625048,-1.9579284,-9.560918,-1.0178833
252625057,-1.9495459,-9.81958,-2.9674292
252625067,-1.900448,-9.789642,-4.5277843
252625077,-0.5233118,-10.639874,-5.0582814
252625087,-0.44906616,-8.00655,-0.554447
252625097,-1.1029065,-7.579039,-1.1364368
252625107,-2.0992346,-10.5057535,-3.138673
252625117,-2.4225624,-12.675641,-1.3903089
252625127,-1.1915222,-13.392949,0.6598279
252625136,0.23950195,-12.220587,1.2777429
252625146,0.53528684,-9.792037,1.1508069
252625156,0.19998413,-7.3095994,0.86100954
252625166,-0.5161267,-6.9443593,0.9077124
252625176,-0.98674804,-6.849756,3.2572265
252625186,-0.737666,-7.653285,3.5889368
252625196,-0.09101074,-8.505912,3.6416273
252625205,0.73407346,-8.141869,4.2739124
252625215,1.1615845,-7.739506,4.315825
252625225,1.3088782,-7.6688523,4.7553115
252625235,1.4873071,-6.7312026,5.556445
252625245,1.1807446,-5.428312,6.253396
252625255,0.039517824,-4.58766,6.43901
252625265,-1.0550061,-4.2487645,6.5276256
252625274,-1.4537768,-4.325405,6.470145
252625284,-0.8813672,-4.5637097,7.0245924
252625294,0.15208374,-5.3337083,7.316785
252625304,0.96519285,-6.2941113,7.2581067
252625314,1.4561719,-7.2736745,5.8330703
252625324,1.2142749,-8.074808,5.3768187
252625334,0.028740235,-8.502319,5.604346
252625344,-1.9088305,-9.145382,6.234236
252625353,-3.368595,-8.943003,6.6018715
252625363,-3.7925134,-8.29515,6.1552
252625373,-2.9470716,-6.9623218,5.3037705
252625383,-1.726809,-6.0893373,3.8535864
252625393,-0.8478369,-5.7049365,2.7291248
252625403,-0.5664221,-5.5217175,2.8416908
252625413,-0.53289187,-6.2905188,3.5649865
252625422,-0.32572266,-7.7838135,3.2033386
252625432,-0.7161108,-9.396859,2.877616
252625442,-1.6645386,-10.3440895,2.3650818
252625452,-2.3028114,-10.316546,0.7484436
252625462,-2.3698719,-9.691446,-0.87657714
252625472,-2.278861,-8.812474,-0.6059399
252625482,-2.1183949,-8.624465,0.38559815
252625492,-1.5795153,-9.283095,-0.40116578
252625501,-0.9735754,-9.832752,0.37482056
252625511,-0.5005591,-10.5129385,0.8214917
252625521,-0.083825685,-11.293715,1.3340259
252625531,-0.019160157,-11.9619255,1.905238
252625541,-0.32692015,-12.01222,2.0237916
252625570,-1.8705102,-10.242301,0.2203418
252625590,-1.2370276,-8.138276,-3.0237122
252625600,-0.43589357,-7.838899,-2.9782069
252625610,-0.1963916,-8.370593,-2.3447242
252625620,-0.26225463,-10.008786,-2.2333558
252625630,-0.0981958,-11.450588,-1.3639636
252625640,0.11975098,-12.403806,-1.2729529
252625650,-0.10538086,-11.977492,-1.5651453
252625659,-0.556842,-10.902129,-1.783092
252625669,-0.19040406,-9.620793,-2.5375233
252625679,-0.38919067,-8.511899,-2.8728259
252625689,-0.6334827,-7.7622585,-2.0417542
252625699,-0.6227051,-6.763535,-0.38320312
252625709,0.07903565,-6.558761,0.32093263
252625719,0.029937744,-7.076085,0.61552
252625729,0.085023195,-8.238867,1.5914905
252625738,0.47301635,-9.226812,2.1710851
252625748,0.6813831,-9.956097,3.0500574
252625758,0.36284545,-10.144105,3.5901344
252625768,-0.016765136,-9.951306,3.7949085
252625778,-0.27422974,-8.931027,3.547024
252625788,-0.5508545,-8.01613,2.906356
252625798,-0.70653075,-7.514374,2.3483167
252625807,-0.9244775,-7.205416,3.2692018
252625817,-0.8741821,-7.5227566,3.7745507
252625827,-0.27901977,-7.437733,4.1924815
252625837,0.031135254,-7.270082,4.223617
252625847,0.23830444,-6.9359765,4.7517185
252625857,0.45265868,-6.4306273,5.1995873
252625867,0.56881714,-6.4593678,5.598358
252625877,0.41314086,-6.3288393,6.70845
252625886,0.3568579,-6.43901,6.2569885
252625896,0.56881714,-6.5431933,4.3493557
252625906,0.48618898,-6.8042507,1.3028907
252625916,-0.32332763,-7.785011,1.5938855
252625926,-1.6765137,-9.145382,4.4738965
252625936,-3.1470556,-10.3512745,6.724017
252625946,-4.26074,-11.142828,9.557325
252625955,-4.6882505,-11.338022,9.524993
252625965,-4.2200246,-10.837463,7.8329115
252625975,-2.933899,-9.879456,5.9288707
252625985,-1.3076806,-8.763376,4.399651
252625995,0.22752686,-7.618557,1.7878821
252626005,1.2322376,-6.8246083,-0.5053491
252626015,1.1807446,-5.9492283,-0.5831873
252626025,0.5867798,-5.9276733,0.3939807
252626034,0.14250366,-7.029382,1.4609619
252626044,-0.5831873,-9.154963,1.541195
252626054,-1.5148499,-11.32485,1.1100916
252626064,-2.3638842,-12.626543,0.47660887
252626074,-2.645299,-12.4756565,-0.54366946
252626084,-2.6560767,-11.522439,-1.2837305
252626094,-2.1459374,-10.621912,-1.2933105
252626103,-1.4956897,-9.625584,-0.35087037
252626128,0.55803955,-9.81958,-1.0047107
252626147,-0.1580713,-10.429112,0.1101709
252626156,-0.7496411,-10.593171,-0.46223876
252626167,-0.8586145,-10.669812,-1.2813355
252626177,-0.5556445,-10.617122,-1.7483642
252626187,0.32811767,-10.274633,-1.5148499
252626197,1.1172767,-9.75731,-1.5423926
252626207,1.0142908,-9.544153,-1.6741186
252626217,0.7867639,-9.741742,-2.4980054
252626226,0.28979737,-9.654324,-2.506388
252626236,0.04550537,-9.298663,-2.0848646
252626246,-0.2838098,-9.493857,-1.9399658
252626256,-0.26345214,-9.885443,-1.4873071
252626266,0.12813355,-9.181308,-0.7975415
252626276,0.58079225,-7.70837,0.09699829
252626286,0.41074586,-6.365962,0.94363767
252626296,0.28500733,-5.522915,1.3388159
252626305,0.13651611,-5.8246875,1.3819263
252626315,-0.21914428,-6.4473925,2.0621119
252626325,-0.59755737,-6.6234264,3.0476623
252626335,-1.0370435,-6.9611244,3.9242394
252626345,-1.289718,-8.24725,4.6199927
252626355,-0.791554,-8.781339,5.540878
252626365,-0.09939331,-8.922646,5.726492
252626374,0.22752686,-8.85798,5.8725877
252626384,0.4790039,-8.599318,5.2043777
252626394,0.5400769,-7.9299097,4.9576902
252626404,0.17004639,-7.2485266,4.9924183
252626414,-0.1472937,-6.995852,5.540878
252626424,-0.2203418,-6.8186207,6.508466
252626434,0.13172607,-6.4665527,5.2977834
252626444,0.64665526,-5.1672544,3.932622
252626453,0.39996827,-4.773274,4.355343
252626463,-0.5999524,-5.386399,4.5912523
252626473,-1.8944604,-7.232959,4.235592
252626483,-3.1410682,-9.740544,4.9014072
252626493,-3.9146595,-11.347603,6.8629284
252626503,-3.1494508,-11.570339,6.5276256
252626513,-1.7016613,-10.636282,5.710924
252626522,-0.6274951,-9.44955,4.691843
252626532,-0.05867798,-8.1634245,2.9398866
252626542,0.2945874,-6.974297,1.8729053
252626552,0.2969824,-6.300099,1.1484119
252626562,-0.21794678,-6.4018874,1.1867322
252626572,-0.9340576,-7.1287756,1.783092
252626582,-1.4286292,-8.358618,2.2776635
252626592,-1.8633252,-9.701027,2.3926246
252626601,-2.6524842,-10.946437,2.2848487
252626611,-3.2428565,-10.97398,1.2106824
252626621,-2.9853919,-10.70933,0.10657837
252626631,-2.3219714,-10.3440895,-0.05388794
252626641,-1.3819263,-10.429112,0.5149292
252626651,0.040715333,-10.948832,1.2621753
252626661,1.4968872,-11.280542,1.353186
252626670,2.017804,-11.128458,0.80233157
252626680,0.76161623,-10.369237,-0.7220984
252626690,-0.8957373,-10.000404,-2.3950195
252626700,-1.6465759,-9.396859,-3.133883
252626710,-1.7627344,-9.51661,-3.3626075
252626720,-1.5555652,-10.254276,-2.290836
252626730,-0.81789917,-11.023077,-1.9950513
252626740,0.05628296,-11.288924,-1.3915063
252626749,0.8083191,-11.224259,-1.3471985
252626759,1.1711645,-10.987152,-1.9232007
252626769,1.1160791,-9.856703,-2.017804
252626779,1.104104,-9.127419,-2.882406
252626789,0.50774413,-9.1130495,-2.9925768
252626799,0.22992188,-9.600436,-2.1890478
252626809,0.21914428,-9.539363,-0.84065187
252626818,0.029937744,-8.8951025,0.081430666
252626828,0.13292359,-7.9861927,0.9412427
252626838,-0.043110352,-6.9311867,1.4765296
252626848,-0.14968872,-6.8880763,0.83945435
252626858,-0.6658154,-7.413783,0.2694397
252626868,-1.1292517,-8.087981,0.84424436
252626878,-1.1735595,-8.666378,1.7399817
252626888,-1.0621911,-9.366921,2.8045678
252626897,-0.77838135,-9.735754,4.785249
252626907,-0.3197351,-9.839938,5.821095
252626917,0.1101709,-8.697514,6.1587925
252626927,-0.26464966,-8.090376,5.316943
252626937,-0.91849,-7.443721,5.19839
252626947,-1.7531543,-7.491621,5.283413
252626957,-2.381847,-7.7371106,6.0486217
252626966,-2.254911,-7.841294,6.828201
252626976,-1.5495776,-7.6796303,7.5538917
252626986,-0.71251833,-6.8258057,7.35271
252626996,-0.09580078,-6.0474243,7.0784802
252627006,-0.62031007,-6.0330544,7.3467226
252627016,-1.9375708,-5.3708315,8.216114
252627026,-2.5447083,-5.19839,7.588619
252627036,-2.518363,-4.8415318,6.5276256
252627045,-2.262096,-4.28948,6.4881077
252627055,-1.8681152,-3.5961218,6.427035
252627065,-1.9184107,-3.359015,7.37187
252627075,-1.658551,-2.699187,7.9718227
252627085,-0.6658154,-1.8082397,7.150331
252627095,-0.69455564,-1.4334192,6.413862
252627105,-1.6226257,-1.8525476,7.0162096
252627114,-2.403402,-2.6021888,7.848479
252627124,-2.0680993,-3.4164953,6.6497717
252627134,-0.54247195,-4.2104445,4.0631504
252627144,0.5137317,-4.5888577,2.454895
252627154,-0.05269043,-1.7495618,3.197351
252627164,0.47181883,-1.4142591,1.7160316
252627174,0.91250247,-2.2010229,-0.33410522
252627184,0.43709105,-3.3697925,-1.8501526
252627193,-1.1855347,-4.660708,-0.72928345
252627203,-2.9171338,-6.4569726,-0.06346802
252627213,-3.5901344,-8.784931,-1.3927039
252627223,-3.319497,-11.088941,-2.8081603
252627233,-3.117118,-11.018288,-0.6777905
252627243,-2.0369642,-11.261382,-0.6394702
252627253,-0.47660887,-12.545113,-2.6812243
252627262,0.305365,-12.145144,-2.8680358
252627272,1.2933105,-11.869717,-3.730243
252627282,1.4178516,-11.042237,-4.533772
252627292,1.1400293,-10.015972,-5.278623
252627302,0.796344,-9.235195,-5.8079224
252627312,-0.029937744,-8.331076,-7.6101747
252627322,-0.5987549,-7.4640784,-10.162067
252627332,-0.82867676,-6.8653235,-12.529545
252627341,-0.53169435,-7.197034,-14.919774
252627351,-0.21555176,-7.907157,-12.463681
252627361,0.23710693,-10.241103,-9.062754
252627371,0.7927515,-11.666141,-6.627019
252627381,1.7950672,-11.716435,-8.168214
252627391,1.8753003,-9.792037,-8.679551
252627401,1.5244299,-9.026829,-10.981165
252627431,-0.97118044,-5.9073157,-13.7534
252627450,-0.4754114,-6.2545934,-14.497053
252627460,-0.43589357,-7.6975927,-13.432467
252627471,-0.55923706,-8.662786,-10.845846
252627481,0.0119750975,-10.017169,-8.729846
252627490,-0.42032593,-11.136841,-6.734795
252627500,-1.0789562,-11.30569,-6.404282
252627510,-1.0897338,-9.678274,-7.2952294
252627520,-0.29099488,-6.9144216,-8.186176
252627530,0.31015503,-5.52052,-9.457932
252627540,0.25985962,-5.9935365,-10.656639
252627550,-0.3915857,-7.380253,-11.369158
252627559,-0.8143066,-8.837622,-11.29132
252627569,-0.97237796,-10.227931,-10.02675
252627579,-0.50774413,-10.037527,-7.1191955
252627589,0.009580079,-7.98739,-4.2559495
252627599,0.4538562,-5.8390574,-4.501439
252627609,-0.45265868,-5.366041,-6.0390415
252627619,-1.0885364,-6.1599903,-8.338261
252627628,-1.2346326,-7.436536,-9.325008
252627638,-0.803529,-8.576565,-8.859178
252627648,0.16046631,-8.616083,-8.090376
252627658,0.7220984,-8.860374,-6.6485744
252627668,0.19758911,-8.562195,-6.0318565
252627678,-0.49816406,-8.568182,-6.6485744
252627688,-1.5028747,-8.417296,-7.268884
252627698,-1.9878662,-8.208929,-7.8317137
252627707,-1.9471508,-8.29515,-7.829319
252627717,-1.5543677,-9.53098,-7.588619
252627727,-1.0466236,-10.305769,-5.8151073
252627737,-0.16765137,-10.317744,-4.29906
252627747,0.9448352,-10.691367,-4.350553
252627757,1.4789245,-10.789563,-4.3780956
252627767,1.8705102,-10.381212,-4.8942223
252627776,2.311194,-10.614727,-6.0258694
252627786,1.8022522,-9.721384,-5.2067723
252627796,1.2669654,-8.911868,-5.909711
252627806,-0.1484912,-8.133487,-6.5839086
252627816,-1.597478,-7.931107,-6.5551686
252627826,-1.83698,-8.87235,-7.7682457
252627836,-1.7926722,-10.106982,-8.952583
252627845,-0.33171022,-10.318942,-9.244776
252627855,1.9842737,-8.660391,-8.037685
252627865,3.7314405,-8.765772,-8.193362
252627875,4.4331813,-8.013736,-5.6905665
252627885,4.1829014,-7.635322,-3.5374439
252627895,1.8082397,-7.533534,-4.0092626
252627905,-0.1951941,-6.531218,-4.8008165
252627915,-1.5016773,-6.2797413,-5.5360875
252627924,-1.9339783,-5.8977356,-6.4485903
252627934,-1.0597961,-6.3982944,-6.8653235
252627944,0.59516233,-4.543352,-5.2115626
252627954,1.1484119,-2.283651,-6.124065
252627964,1.6777111,-4.557722,-10.499765
252627974,-0.19399658,-4.9792457,-10.043514
252627984,-1.0633887,-7.0641103,-8.260423
252627993,-1.2621753,-10.054292,-8.528665
252628003,-0.34488282,-10.667417,-7.259304
252628013,1.0825489,-9.86269,-6.6868944
252628023,2.2285657,-9.616003,-6.998247
252628033,1.7986597,-10.322535,-6.7108445
252628043,0.7544311,-10.841056,-6.7599425
252628053,0.6370752,-11.572735,-8.210127
252628062,0.6430628,-12.7007885,-8.907078
252628072,0.42751098,-12.923526,-9.116642
252628082,0.4263135,-12.645703,-9.284293
252628092,0.7113208,-11.811039,-8.274793
252628102,1.0885364,-11.001522,-6.7994604
252628112,1.2597803,-9.794433,-4.5625124
252628122,1.4741346,-9.346563,-3.5829492
252628131,1.22625,-9.903406,-3.434458
252628141,0.6059399,-10.565629,-3.0476623
252628151,0.35326537,-11.175161,-4.6738806
252628161,0.13292359,-11.066188,-6.0761647
252628171,-0.083825685,-10.297386,-5.346881
252628181,-0.7424561,-8.725056,-4.3050475
252628191,-1.4477893,-7.0712953,-4.6810656
252628201,-1.9734961,-7.0700974,-6.0737696
252628210,-2.638114,-7.876022,-5.7995396
252628220,-2.2824535,-9.19927,-4.5146117
252628230,-1.2058923,-9.641151,-4.077521
252628240,-0.63587767,-10.135723,-4.3385777
252628250,-0.15567628,-10.856624,-5.132527
252628260,-0.008382568,-10.904524,-3.6919227
252628270,0.03592529,-10.035131,-2.9614418
252628279,-0.96399534,-8.720266,-1.902843
252628289,-0.8945398,-9.582473,-5.5312977
252628299,-2.3219714,-10.684182,-5.5947657
252628309,-2.5195606,-9.988429,-1.8860779
252628319,-2.034569,-9.604029,0.1580713
252628329,-1.714834,-8.793314,1.3939013
252628339,-1.1076965,-9.430389,-2.5542884
252628348,-1.228645,-10.056687,-5.5899754
252628358,-0.42751098,-9.86269,-3.0488598
252628368,0.56881714,-9.83395,-0.10657837
252628378,0.9340576,-10.390792,0.3927832
252628388,0.94363767,-10.336905,0.57001466
252628398,0.676593,-8.1143265,1.5603552
252628408,0.14130615,-6.76593,1.7938696
252628418,-0.24908203,-6.3623695,1.6777111
252628427,-0.3293152,-5.9216857,1.5795153
252628437,-0.20237915,-5.5073476,1.2250525
252628447,0.05628296,-5.413942,1.4849122
252628457,-0.37601808,-5.464237,1.2777429
252628467,-0.7209009,-6.0570045,1.275348
252628477,-0.6981482,-6.6497717,1.8321899
252628487,-0.33650026,-7.3275623,3.2332764
252628496,0.2203418,-7.826924,5.2007847
252628506,0.61911255,-8.231682,5.3337083
252628516,0.31255004,-8.545429,5.7217016
252628526,-0.62390256,-8.25204,6.9778895
252628536,-2.0022364,-7.899972,7.7886033
252628546,-3.725453,-7.7682457,7.8616514
252628556,-4.942123,-8.213719,7.7131605
252628585,-3.744613,-9.087902,5.2415004
252628604,-0.85382444,-9.16574,3.6967127
252628614,-0.04790039,-8.576565,3.2236962
252628625,-0.2215393,-7.796986,3.3123121
252628634,-0.7592212,-7.310797,3.485951
252628644,-1.3232483,-7.521559,2.511178
252628654,-1.653761,-7.406598,1.5100598
252628664,-2.017804,-7.841294,0.36404297
252628674,-2.809358,-8.811276,-0.0047900393
252628684,-3.326682,-9.754914,0.10777588
252628694,-3.661985,-10.47342,1.7447717
252628703,-3.624862,-10.397977,2.7686427
252628713,-3.5817518,-10.371632,2.459685
252628723,-3.1159203,-10.235116,1.9124231
252628733,-2.4764502,-10.303374,0.6322852
252628743,-1.8321899,-10.215956,-0.22513184
252628753,-1.3471985,-9.996812,-0.32093263
252628763,-1.0873389,-9.86269,-0.64665526
252628772,-1.4298266,-9.953701,-0.49097902
252628782,-1.7747095,-10.0698595,-0.11735596
252628792,-2.1411474,-10.558444,-0.98195803
252628802,-2.430945,-10.904524,-1.4010864
252628812,-2.7231371,-10.589579,-1.2226574
252628822,-2.6524842,-10.257869,-0.7688013
252628832,-2.095642,-10.265054,-1.1460168
252628842,-1.7555493,-10.302176,-2.2022204
252628851,-1.4154565,-10.1752405,-2.9542565
252628861,-1.5352075,-10.286609,-3.9433997
252628871,-1.6082556,-10.105785,-4.184099
252628881,-1.8130298,-9.716595,-3.4967284
252628891,-1.6561561,-9.917776,-3.1745985
252628901,-1.2729529,-10.721305,-3.9014869
252628911,-1.0238708,-11.048225,-3.7050953
252628920,-0.92687255,-10.914104,-3.5793567
252628930,-0.69216067,-10.06028,-3.182981
252628940,-0.96040285,-8.968151,-2.9075537
252628950,-1.2466077,-7.66526,-2.7207422
252628960,-1.3112732,-7.316785,-3.5482213
252628970,-1.4334192,-8.265212,-4.472699
252628980,-1.5998731,-8.913065,-3.5122962
252628990,-1.1747571,-9.2890835,-2.623744
252628999,-0.6167175,-9.024433,-1.6681311
252629009,-0.23471192,-8.853189,-0.85502195
252629019,0.26824218,-8.642428,0.05628296
252629029,0.10178833,-9.079519,0.14130615
252629039,-0.5640271,-9.265133,0.83825684
252629049,-1.3915063,-9.339378,1.3424084
252629059,-2.1243823,-9.19927,0.9352551
252629068,-2.706372,-9.0148535,0.8981323
252629078,-2.44771,-8.5598,1.4238391
252629088,-1.6765137,-8.18977,1.714834
252629098,-0.48499146,-8.084389,1.9184107
252629108,0.05748047,-7.505991,2.706372
252629118,-0.183219,-7.306007,3.1243029
252629128,-0.83825684,-7.7131605,3.766168
252629137,-1.8058448,-8.375383,4.340973
252629147,-2.5411158,-8.471184,4.3697133
252629157,-2.9602442,-8.070019,4.548142
252629167,-2.8369007,-7.5598793,4.3074427
252629177,-2.1531227,-7.155121,4.5517344
252629187,-1.1543994,-7.0018396,4.387676
252629197,-0.42391846,-6.983877,4.2882824
252629207,-0.29817992,-7.1515284,5.1720448
252629216,-0.9963281,-7.7371106,6.1276574
252629226,-1.6238233,-8.350236,6.1156826
252629236,-2.3555017,-8.605305,5.4798045
252629246,-2.9051588,-8.729846,5.612728
252629256,-3.4141004,-8.732242,5.7516394
252629266,-3.7206628,-8.647218,5.718109
252629276,-3.925437,-8.459209,6.75635
252629285,-3.551814,-8.258027,6.331234
252629295,-2.8476782,-7.9718227,5.9348583
252629305,-2.1435425,-7.484436,5.1552796
252629315,-1.5735278,-6.8880763,4.1373963
252629325,-1.3962964,-6.6306114,3.37099
252629335,-1.1999048,-6.086942,3.2644117
252629345,-1.2705579,-5.9935365,2.8560607
252629354,-1.2621753,-5.894143,2.1411474
252629364,-1.726809,-6.2641735,2.1279747
252629374,-2.389032,-7.0078273,3.0081446
252629384,-2.8680358,-8.066425,3.7673657
252629394,-2.9614418,-8.019723,4.404441
252629404,-2.9698243,-7.8377013,3.3793726
252629414,-2.8883936,-7.9035645,2.1698878
252629424,-2.9087512,-7.9933777,1.4322217
252629433,-2.6297314,-7.9837976,1.7507592
252629443,-2.198628,-8.377778,1.5663428
252629453,-1.9926562,-8.697514,1.6669335
252629463,-1.834585,-9.202863,1.6645386
252629473,-2.1052222,-9.302256,1.8573376
252629483,-2.1531227,-10.1333275,1.6753162
252629493,-2.1040246,-10.558444,1.5160474
252629502,-1.9327807,-10.581196,0.94842774
252629512,-1.8776953,-10.333312,0.62989014
252629522,-1.7651294,-9.717792,0.4514612
252629532,-1.6693286,-9.484278,-0.24548951
252629542,-1.465752,-9.80042,-0.7735913
252629552,-1.4585669,-10.031539,-1.0550061
252629562,-1.7531543,-10.18482,-1.2418176
252629571,-1.7220191,-10.237511,-1.0083032
252629581,-1.5998731,-10.477013,-0.798739
252629591,-1.4920971,-10.791958,-1.3759388
252629601,-1.3280383,-10.879376,-1.6860938
252629611,-1.2274475,-10.6817875,-1.9112256
252629621,-1.0981164,-10.324929,-2.0537293
252629631,-0.92807007,-10.065069,-2.2525158
252629640,-0.5388794,-9.651929,-2.4728577
252629650,-0.16765137,-9.671089,-3.5649865
252629660,-0.05508545,-10.168056,-3.7733533
252629670,-0.16765137,-10.399175,-2.9446764
252629680,-0.3580554,-10.233918,-2.0213964
252629690,-0.9556128,-9.922565,-2.095642
252629700,-1.3100756,-9.1765175,-1.8657203
252629710,-1.6010705,-8.24725,-1.404679
252629719,-1.4645544,-7.883207,-1.5603552
252629729,-0.97118044,-8.29994,-1.966311
252629739,-0.29578492,-8.84361,-2.0357666
252629749,0.36045045,-9.433982,-2.0537293
252629759,0.70293826,-9.574091,-1.4274316
252629769,0.60354495,-9.417217,-0.25506958
252629779,-0.038320314,-8.940608,0.9580078
252629788,-1.113684,-8.884325,1.4106665
252629798,-1.8884729,-8.770561,1.167572
252629808,-2.46208,-8.447234,1.1783496
252629818,-2.6165588,-8.061636,1.726809
252629828,-2.0309765,-7.6868153,1.6908838
252629838,-0.97716796,-7.4616833,1.895658
252629848,-0.37601808,-7.3922276,2.3435266
252629858,-0.14130615,-7.545509,3.185376
252629867,-0.735271,-8.429272,4.4128237
252629877,-1.5843054,-9.156159,5.2415004
252629887,-2.5207582,-9.480685,5.9767714
252629897,-2.9865894,-9.432784,5.703739
252629907,-3.2991395,-8.528665,5.769602
252629917,-3.2260914,-7.1934414,5.239105
252629927,-2.45729,-5.805527,4.5708947
252629936,-1.905238,-4.988826,4.757706
252629946,-1.895658,-4.91937,5.8486376
252629956,-2.2297633,-5.2894006,6.885681
252629966,-2.4237597,-5.769602,7.1754785
252629976,-2.5027955,-5.6462584,7.933502
252629986,-3.0428724,-5.364844,8.630453
252629996,-2.955454,-5.151687,8.570578
252630005,-2.6608667,-4.7157936,8.345446
252630015,-2.5207582,-3.873944,8.097561
252630025,-2.2189856,-2.9686267,7.682025
252630035,-2.0082238,-2.2992187,6.980284
252630045,-1.8824854,-1.7519568,6.8808913
252630055,-2.4860303,-1.5699353,7.2245765
252630065,-2.830913,-1.8501526,7.492819
252630075,-2.8728259,-2.2010229,7.975415
252630084,-3.0129347,-2.6057813,8.5645895
252630094,-3.0129347,-2.8153455,8.822055
252630104,-3.1626234,-2.7662475,9.048384
252630114,-3.1434631,-2.626139,9.097482
252630124,-2.9877868,-2.5686584,8.88193
252630134,-2.1650977,-2.7291248,8.259225
252630144,-1.2322376,-3.429668,7.0162096
252630153,-1.8633252,-3.0692174,7.113208
252630163,-1.1915222,-2.098037,6.610254
252630173,-0.5724097,-0.23830444,6.5946865
252630183,-0.90411985,0.91609496,7.411388
252630193,-2.078877,1.2466077,7.501201
252630203,-3.4093103,1.3040881,7.2581067
252630213,-3.8511915,1.1448194,6.5695386
252630222,-3.1410682,0.63468015,5.259463
252630232,-2.9877868,0.32692015,5.955216
252630242,-4.1050634,-0.07903565,7.594607
252630252,-4.1242237,-1.4549744,7.7586656
252630262,-3.918252,-2.286046,7.8987746
252630272,-3.4200878,-2.6656568,8.138276
252630282,-2.6680517,-2.8285182,8.740623
252630291,-1.6417859,-2.2752686,8.923842
252630301,-0.7268884,-1.5376025,8.387359
252630311,0.041912843,-1.167572,7.4101906
252630321,0.34009278,-1.167572,6.2078905
252630331,-0.42391846,-0.71850586,6.052214
252630341,-1.0083032,0.7723938,5.4319043
252630351,-1.6357983,1.4645544,4.811594
252630361,-2.0776794,0.6658154,3.6655774
252630370,-2.4153771,-1.6106507,3.2236962
252630380,-2.5363257,-4.557722,2.74589
252630390,-2.696792,-7.3539076,3.6847374
252630400,-2.1531227,-8.744216,4.7696815
252630410,-1.4262341,-8.468789,5.835465
252630420,-0.33171022,-7.6736426,5.6726036
252630430,-0.6550378,-6.8042507,5.271438
252630439,-1.6118481,-6.13604,5.3133507
252630449,-2.1555176,-5.085824,5.685776
252630459,-2.0166063,-4.7050157,5.623506
252630469,-2.1315675,-5.221143,5.435497
252630479,-1.848955,-6.199508,4.958888
252630489,-1.8297949,-6.8473606,4.3589354
252630499,-1.5687377,-7.028185,3.8404138
252630508,-1.3519886,-7.0162096,2.941084
252630518,-1.1939173,-6.541996,2.1411474
252630528,-0.86699706,-5.9707837,1.0933264
252630538,-1.0250684,-6.234236,0.22992188
252630548,-1.0705737,-6.617439,-0.61552
252630558,-0.8981323,-7.4413257,-2.1195922
252630568,-1.0250684,-8.329878,-3.6919227
252630577,-1.1208692,-9.236393,-4.853507
252630587,-1.1340418,-9.625584,-5.5780005
252630597,-1.219065,-9.102272,-6.810238
252630607,-1.3974938,-9.340576,-9.029223
252630644,-2.2201831,-14.774876,-7.3287597
252630664,-0.028740235,-16.243023,-3.4799633
252630673,0.7879614,-14.268329,-4.4786863
252630684,1.1723621,-11.193124,-6.2474084
252630694,0.9448352,-8.459209,-7.573052
252630704,-0.04790039,-7.933502,-7.298822
252630713,-1.6214283,-9.536968,-5.806725
252630723,-3.497926,-11.880494,-1.9555335
252630733,-4.766089,-13.245655,1.0418335
252630743,-4.7696815,-14.000087,0.26345214
252630753,-3.2320788,-13.085189,-2.7051744
252630763,-1.23104,-10.433903,-5.3995714
252630773,0.11855347,-7.923922,-7.580237
252630783,0.82867676,-6.9599266,-8.369396
252630792,0.57001466,-7.3347473,-7.7754307
252630802,-0.9520203,-9.092691,-7.5981994
252630812,-2.8249254,-9.998009,-5.3145485
252630822,-2.806963,-10.908116,-5.034331
252630832,-1.5112573,-9.11784,-6.0486217
252630842,0.041912843,-6.6964746,-5.6438637
252630852,0.07304809,-4.834347,-3.578159
252630861,0.07185058,-6.9311867,-5.0810337
252630871,-1.1304492,-9.624386,-3.5554066
252630881,-1.2502002,-11.321258,-1.8262024
252630891,-1.1520044,-11.297307,-0.34727782
252630901,-0.859812,-10.280622,-0.7041357
252630911,-0.7484436,-9.163344,-1.961521
252630921,-0.7723938,-8.60291,-2.647694
252630930,-0.87178713,-9.336984,-1.9495459
252630940,-0.864602,-10.639874,-1.2442126
252630950,-0.9304651,-10.799143,-0.6215076
252630960,-0.9196875,-10.3440895,-0.7688013
252630970,-1.1400293,-9.408834,-0.32332763
252630980,-1.2741504,-8.005353,0.10178833
252630990,-0.8586145,-9.16574,-1.6082556
252631000,-1.0777588,-8.655601,-0.14370117
252631009,-1.22625,-8.1143265,0.5029541
252631019,-1.3795313,-7.5035963,0.7113208
252631029,-1.5220349,-7.7035804,0.92328
252631039,-2.2010229,-8.87235,0.7244934
252631049,-2.941084,-10.332114,0.4287085
252631059,-3.547024,-10.466235,2.4513025
252631069,-3.5087037,-9.56451,4.493057
252631078,-2.7985804,-9.474697,3.8811293
252631088,-2.2201831,-9.255553,4.4176135
252631098,-1.890868,-8.709489,4.27032
252631108,-1.771117,-8.140672,3.5398388
252631118,-1.9423609,-7.5658665,2.6908045
252631128,-2.123185,-7.7359133,1.6669335
252631138,-2.3267615,-8.741821,0.6322852
252631147,-2.962639,-9.733359,2.3123913
252631157,-3.6643798,-10.297386,4.6822634
252631167,-3.744613,-10.049502,5.6259007
252631177,-3.5278637,-9.746532,5.118157
252631187,-3.4129028,-9.429192,4.0607557
252631197,-3.2476466,-9.298663,2.8644433
252631207,-3.1015503,-9.102272,1.8621277
252631217,-2.8620484,-8.908276,1.660946
252631226,-2.7135572,-8.903485,1.1220666
252631236,-2.330354,-8.62207,0.66821045
252631246,-2.095642,-8.093968,1.1508069
252631256,-2.0992346,-8.056846,1.350791
252631266,-2.2249732,-8.047266,0.6873706
252631276,-2.4968078,-8.32868,-0.27303222
252631286,-3.1135254,-9.079519,-0.5556445
252631295,-3.556604,-9.321416,0.28620484
252631320,-3.742218,-9.3309965,0.022752685
252631340,-3.6320472,-8.471184,0.15447876
252631350,-3.417693,-8.345446,0.6274951
252631360,-3.0344896,-8.327483,0.7113208
252631370,-2.7051744,-8.5574045,0.3197351
252631380,-2.2285657,-8.940608,-0.09699829
252631390,-2.1758752,-9.321416,-0.6514453
252631400,-2.1890478,-9.726174,-1.1100916
252631409,-2.5339308,-10.14171,-1.8549427
252631419,-2.8201356,-10.212363,-2.027384
252631429,-3.2680042,-10.172846,-1.7639319
252631439,-3.5386415,-9.982441,-1.6118481
252631449,-3.7027001,-9.989627,-1.8681152
252631459,-3.549419,-9.837543,-1.658551
252631469,-3.1614258,-9.898616,-1.726809
252631479,-2.7171497,-9.952503,-1.9770886
252631488,-2.630929,-10.154882,-2.5315356
252631498,-2.5590785,-10.164463,-2.9075537
252631508,-2.7422974,-9.804012,-3.5122962
252631518,-2.8045678,-9.601633,-4.5864625
252631528,-2.8464806,-9.340576,-4.646338
252631538,-2.6800268,-9.028027,-4.126619
252631548,-1.8968555,-9.363329,-4.101471
252631557,-1.8836828,-10.04112,-4.2763076
252631567,-1.6561561,-10.48779,-3.8679566
252631577,-1.8429675,-10.335707,-3.6967127
252631587,-2.2812562,-10.162067,-3.8475988
252631597,-2.6908045,-9.928554,-3.9278321
252631607,-2.8931837,-9.644744,-4.008065
252631617,-2.2561083,-9.430389,-4.5780797
252631626,-1.5807129,-9.055569,-4.778064
252631636,-0.90052736,-8.321495,-4.184099
252631646,-0.6167175,-7.3467226,-3.060835
252631656,-0.81191164,-7.1934414,-3.436853
252631666,-1.714834,-7.988588,-4.2930727
252631676,-2.14953,-8.727451,-3.9469922
252631686,-1.3567786,-9.005274,-2.9291089
252631696,-0.53169435,-9.350156,-1.7375866
252631705,0.2933899,-9.854308,-1.9208057
252631715,0.5831873,-10.18482,-2.5997937
252631725,0.16166382,-10.087822,-3.0368848
252631735,-0.6598279,-10.242301,-3.166216
252631745,-1.5040723,-9.799222,-2.0046313
252631755,-2.0848646,-9.845925,-1.6813037
252631765,-2.3147864,-10.053095,-1.9064355
252631774,-2.4692652,-10.207573,-1.8178198
252631784,-2.445315,-10.233918,-1.6765137
252631794,-2.1387525,-10.230326,-1.8309925
252631804,-1.9255958,-10.630294,-2.3566992
252631814,-1.9507434,-11.114088,-2.8249254
252631824,-2.2728736,-11.389515,-3.060835
252631834,-2.7722352,-11.470946,-3.2883618
252631843,-2.9602442,-10.623109,-2.9841943
252631853,-2.6405091,-9.977652,-3.0919702
252631863,-2.4081922,-9.85311,-3.0811927
252631873,-2.074087,-9.750125,-2.039359
252631883,-1.658551,-9.650731,-2.0621119
252631893,-1.8010547,-9.617201,-2.3854394
252631903,-2.1327648,-9.425599,-3.0165272
252631912,-2.374662,-9.353748,-3.7733533
252631922,-2.7171497,-9.630374,-3.9026842
252631932,-2.6045837,-9.485475,-3.1542406
252631942,-2.283651,-9.229208,-2.6033862
252631952,-2.0968397,-8.983718,-2.5291407
252631962,-2.15432,-8.946595,-2.6704469
252631972,-2.2848487,-9.129814,-3.0955627
252631981,-2.7638526,-9.273516,-2.994972
252631991,-2.7901978,-9.389674,-3.2117212
252632001,-2.703977,-9.618399,-3.7266505
252632011,-2.4884253,-9.75731,-3.9433997
252632021,-2.1195922,-9.693842,-4.02962
252632031,-1.6848962,-9.48308,-4.1757164
252632041,-1.3567786,-9.18969,-3.8715491
252632050,-1.3400134,-9.001681,-3.6416273
252632060,-1.2681628,-8.964558,-3.2236962
252632070,-1.3244458,-9.037606,-2.7710376
252632080,-1.1927197,-9.084309,-2.3459215
252632090,-1.2418176,-8.84361,-2.4249573
252632100,-1.1412268,-8.423284,-2.757865
252632110,-1.3268409,-8.139474,-3.629652
252632119,-1.3304334,-8.060438,-3.9733374
252632129,-1.355581,-8.192164,-3.7805383
252632139,-1.3651612,-8.893905,-3.5254688
252632149,-1.2945081,-9.657916,-3.1159203
252632159,-1.2430152,-10.1333275,-2.8788135
252632169,-1.1747571,-10.293794,-2.9566517
252632179,-0.94962525,-9.898616,-3.4823585
252632189,-0.9017249,-9.320218,-4.3289976
252632198,-0.7975415,-8.813672,-4.878655
252632208,-0.7316785,-8.663983,-4.89063
252632218,-0.96160036,-8.646021,-4.5205994
252632228,-1.4489868,-8.963361,-3.8428087
252632238,-1.6657361,-9.376501,-3.6512072
252632248,-1.890868,-9.83874,-3.5769618
252632258,-1.7399817,-10.005194,-3.8428087
252632267,-1.3016931,-9.921369,-4.4415636
252632277,-1.0933264,-9.617201,-5.2822156
252632287,-1.2011023,-9.220825,-5.3049684
252632297,-1.4178516,-8.796906,-4.8738647
252632307,-2.0058289,-8.890312,-4.8738647
252632317,-2.2812562,-9.448352,-4.700226
252632327,-2.5878186,-9.8590975,-4.069138
252632336,-2.4788451,-10.086625,-3.5949242
252632346,-2.3447242,-9.889035,-3.5841467
252632356,-2.0549269,-9.544153,-4.3936634
252632366,-2.0249891,-9.172925,-4.778064
252632376,-2.579436,-8.869955,-3.918252
252632386,-3.3530273,-8.351433,-2.870431
252632396,-3.969745,-8.334668,-2.933899
252632405,-4.2571473,-8.396938,-3.2272887
252632415,-3.8344262,-8.155042,-3.2931519
252632425,-3.0728102,-7.9993653,-3.9170544
252632435,-2.577041,-7.970625,-4.5277843
252632445,-2.4584875,-7.9502673,-4.536167
252632455,-2.5375233,-8.004155,-4.0894957
252632465,-2.6884093,-8.459209,-3.9410048
252632474,-3.0919702,-8.992101,-4.1361985
252632484,-3.4117053,-9.325008,-4.093088
252632494,-3.4811609,-9.491463,-4.455934
252632504,-3.754193,-9.5214,-4.726571
252632514,-3.9649549,-9.402846,-4.5684996
252632524,-3.9469922,-9.433982,-4.406836
252632534,-3.8487964,-9.728569,-4.6247826
252632543,-3.6524048,-9.893826,-4.9840355
252632553,-3.549419,-9.992022,-4.8582973
252632563,-3.1745985,-9.8519125,-4.7445335
252632573,-3.1051428,-9.675879,-4.8379393
252632583,-3.214116,-9.495055,-4.8942223
252632593,-3.4164953,-9.314231,-4.8726673
252632603,-3.5398388,-9.25675,-4.7541137
252632612,-3.5003211,-9.229208,-4.509822
252632622,-3.3913476,-9.13221,-4.02962
252632632,-3.258424,-9.200467,-3.7386255
252632642,-3.3422499,-9.069939,-3.974535
252632652,-3.5015185,-9.080716,-4.054768
252632662,-3.5506165,-9.229208,-4.27511
252632672,-3.495531,-9.298663,-4.218827
252632681,-3.3793726,-9.313033,-4.125421
252632691,-3.2356713,-9.333391,-3.9242394
252632701,-3.0368848,-9.216035,-3.998485
252632711,-3.1183155,-9.048384,-4.084706
252632721,-3.417693,-9.022038,-4.205654
252632731,-3.7266505,-9.071136,-4.1565566
252632741,-3.8931043,-9.071136,-3.7038977
252632750,-4.021238,-9.24717,-3.6092944
252632760,-4.045188,-9.13221,-3.6368372
252632770,-3.9242394,-9.1693325,-3.6943176
252632780,-3.810476,-9.109457,-3.7625756
252632790,-3.6655774,-8.890312,-3.417693
252632800,-3.5134935,-8.800499,-3.2272887
252632810,-3.5254688,-8.899893,-3.6009119
252632819,-3.735033,-8.982521,-3.514691
252632829,-4.1218286,-8.984916,-3.2296839
252632839,-4.2834926,-9.315429,-3.060835
252632849,-4.5134144,-9.51661,-2.945874
252632859,-4.648733,-9.580078,-2.7027795
252632869,-4.518204,-9.542955,-2.9003687
252632879,-4.455934,-9.441167,-3.3530273
252632888,-4.406836,-9.303453,-3.3793726
252632898,-4.317023,-9.351354,-3.4895434
252632908,-4.502637,-9.424402,-2.9746141
252632918,-4.5158095,-9.5070305,-2.4680676
252632928,-4.731361,-9.671089,-2.4812403
252632938,-5.054689,-9.78126,-2.506388
252632948,-4.9289503,-9.413624,-2.4788451
252632957,-4.724176,-9.010063,-2.3626869
252632967,-4.4224033,-8.462802,-2.090852
252632977,-4.1385937,-7.994575,-1.7495618
252632987,-4.1302114,-7.946675,-1.6154407
252632997,-4.30864,-8.210127,-1.4837146
252633007,-4.594845,-8.662786,-1.0442286
252633017,-4.663103,-8.8879175,-0.5125342
252633027,-4.479884,-8.806487,-0.40835083
252633036,-4.414021,-8.909472,-0.8214917
252633046,-4.1757164,-8.88193,-1.3208532
252633056,-4.120631,-8.780142,-1.2298425
252633066,-3.7781434,-8.86277,-1.0526111
252633076,-3.5973194,-9.047186,-0.90052736
252633086,-3.747008,-9.283095,-0.8681946
252633096,-3.800896,-9.580078,-0.6251001
252633105,-3.744613,-9.775272,-0.8214917
252633115,-3.8140686,-9.7321615,-0.6251001
252633125,-3.766168,-9.53098,-0.54606444
252633135,-3.6045043,-9.319021,-0.74006104
252633145,-3.4943335,-9.193282,-0.7316785
252633155,-3.4500256,-9.038804,-0.549657
252633165,-3.3793726,-8.659193,-0.47660887
252633174,-3.4560132,-8.384963,-0.4682263
252633184,-3.3650024,-8.264015,-0.6933582
252633194,-3.5158887,-8.463999,-0.9735754
252633204,-3.8080812,-8.806487,-0.97716796
252633214,-3.8044884,-9.24238,-0.68976563
252633224,-3.8452039,-9.351354,-0.0371228
252633234,-3.8464015,-9.504635,0.05748047
252633243,-3.810476,-9.47829,0.081430666
252633253,-3.7973034,-9.249565,-0.13292359
252633263,-3.66917,-8.923842,-0.22872436
252633273,-3.5649865,-8.638836,-0.18082398
252633283,-3.4572108,-8.358618,0.0023950196
252633293,-3.2081287,-8.274793,-0.0059875487
252633303,-2.9015663,-8.278385,-0.05867798
252633312,-2.8967762,-8.337063,0.21794678
252633322,-2.9279113,-8.663983,0.57959473
252633332,-2.9817994,-9.142987,0.7484436
252633342,-3.0129347,-9.477093,1.2094848
252633352,-3.065625,-9.508227,1.3016931
252633362,-2.9794042,-9.366921,1.2202624
252633372,-3.2320788,-9.002878,1.1196716
252633381,-3.3458424,-8.715476,0.9460327
252633391,-3.3769774,-8.596923,1.0861413
252633401,-3.1207104,-8.618478,1.3016931
252633411,-2.8536658,-8.647218,1.3974938
252633421,-2.962639,-8.734636,1.7483642
252633431,-2.8680358,-9.187295,1.8788928
252633441,-2.7315197,-8.981323,2.3578968
252633450,-2.4261549,-8.50711,2.3626869
252633460,-2.3686743,-8.034093,2.2046156
252633470,-2.3363416,-7.4173756,2.2261705
252633480,-2.3411317,-6.8305955,2.454895
252633490,-2.4632776,-6.6210313,2.8369007
252633500,-2.511178,-6.6581545,3.002157
252633510,-2.499203,-6.9874697,3.2117212
252633520,-2.3519092,-7.4341407,3.2967443
252633529,-1.9423609,-7.5179663,3.7793407
252633539,-1.6226257,-7.4054003,4.1002736
252633549,-1.5040723,-7.310797,4.2655296
252633559,-1.7818946,-7.3072047,4.6547203
252633569,-2.1818628,-7.1730833,4.6990285
252633579,-2.6093738,-7.3706727,4.4906616
252633589,-2.9853919,-7.7886033,3.9996827
252633598,-3.2033386,-7.9358974,3.9901025
252633608,-3.0476623,-7.919132,3.866759
252633618,-2.6656568,-7.738308,3.8164637
252633628,-2.3447242,-7.6413097,3.6919227
252633638,-1.9926562,-7.580237,3.514691
252633648,-1.9926562,-7.3000197,3.3793726
252633658,-2.1555176,-7.028185,3.1183155
252633667,-2.5387206,-6.70845,2.8333082
252633677,-2.9889843,-6.9455566,2.6596692
252633687,-3.2608192,-7.491621,2.7027795
252633697,-3.458408,-7.899972,2.9566517
252633707,-3.3434472,-8.575367,2.718347
252633717,-3.2213013,-8.586145,2.5339308
252633727,-3.558999,-8.353828,2.4980054
252633736,-3.781736,-8.01134,2.393822
252633746,-3.9805224,-7.66047,2.5315356
252633756,-4.1685314,-7.543114,2.4980054
252633766,-4.309838,-7.557484,2.2285657
252633776,-4.291875,-7.8784165,1.712439
252633786,-4.2583447,-8.338261,1.5962806
252633796,-3.878734,-8.6208725,1.5483801
252633806,-3.6080968,-8.841214,1.8010547
252633815,-3.368595,-8.8951025,2.3004162
252633825,-3.2093263,-8.723859,2.6021888
252633835,-3.1626234,-8.486752,2.0968397
252633845,-3.4236803,-8.297545,1.4741346
252633855,-3.9002893,-8.135881,0.8945398
252633865,-4.340973,-7.980205,0.368833
252633875,-4.6882505,-8.108338,-0.35925293
252633884,-4.6726832,-8.2712,-1.0645862
252633894,-4.455934,-8.581355,-1.9806812
252633904,-4.0894957,-8.756191,-2.503993
252633914,-3.878734,-9.168135,-2.7159522
252633924,-3.5973194,-9.496252,-2.4704626
252633934,-3.7386255,-10.035131,-1.6705261
252633944,-3.9553747,-10.283016,-0.06346802
252633953,-4.1864944,-10.584789,1.1579919
252633963,-4.4259963,-11.024275,1.2933105
252633973,-4.6032276,-11.053015,0.5065466
252633983,-4.254752,-10.293794,-1.0178833
252633993,-3.8464015,-9.794433,-1.2298425
252634003,-3.5170863,-9.071136,-0.8202942
252634013,-3.1207104,-8.411308,-0.7364685
252634022,-2.9099488,-8.151449,-1.2729529
252634032,-2.9183314,-8.149054,-2.2070105
252634042,-3.1554382,-8.6771555,-2.4441175
252634052,-3.3278797,-9.037606,-2.5051904
252634062,-3.3997302,-9.390872,-2.7686427
252634072,-3.5829492,-9.515412,-2.4129822
252634082,-3.676355,-9.667497,-1.966311
252634091,-3.8236487,-9.509425,-2.0525317
252634101,-4.0368056,-9.400452,-1.8226099
252634111,-4.0008802,-9.16574,-2.2297633
252634121,-3.8895118,-8.890312,-2.7985804
252634131,-3.7074902,-8.441246,-3.3841627
252634141,-3.432063,-8.260423,-3.6823425
252634151,-3.190166,-8.292755,-3.854784
252634161,-3.0105395,-8.729846,-3.6643798
252634170,-2.9602442,-9.075927,-3.3745825
252634180,-2.9422815,-9.231603,-3.1817834
252634190,-3.2368689,-9.080716,-3.1841784
252634200,-3.187771,-9.126222,-3.913462
252634210,-3.3913476,-9.350156,-4.2810974
252634220,-3.5254688,-9.486672,-3.6595898
252634230,-3.166216,-9.796827,-2.9494665
252634239,-3.0847852,-9.956097,-2.4896228
252634249,-2.7003846,-10.181228,-2.8464806
252634259,-2.6488917,-10.083033,-3.241659
252634269,-2.9853919,-9.698631,-3.5362463
252634279,-2.9219239,-9.1765175,-4.0044727
252634289,-3.4069152,-8.82445,-4.4894643
252634299,-3.7805383,-9.038804,-4.7277684
252634308,-3.9673498,-9.346563,-4.7038183
252634318,-3.9649549,-9.808803,-4.437971
252634328,-3.920647,-10.087822,-4.269122
252634338,-3.8511915,-10.153686,-4.003275
252634348,-3.925437,-10.012379,-4.1098537
252634358,-4.1613464,-9.845925,-4.3026524
252634368,-4.071533,-9.735754,-4.430786
252634377,-3.9901025,-9.79084,-3.8895118
252634387,-3.849994,-9.88185,-3.317102
252634397,-3.7529955,-10.002799,-2.682422
252634407,-3.570974,-10.104588,-1.7579443
252634417,-3.5973194,-10.100995,-0.9783655
252634427,-3.8044884,-9.820778,-0.49576905
252634437,-4.2571473,-9.115444,0.07664063
252634446,-4.548142,-8.798104,-0.120948486
252634456,-4.5888577,-9.186097,-0.41194335
252634466,-4.508624,-9.472302,-0.7747888
252634476,-4.719386,-9.29028,-0.71850586
252634486,-4.5565248,-8.868757,0.1484912
252634496,-4.423601,-8.50711,1.6836988
252634506,-4.366121,-8.381371,3.2332764
252634516,-3.5601966,-7.838899,3.8020935
252634525,-2.75547,-7.345525,3.06323
252634535,-2.569856,-6.5384035,3.7601807
252634545,-3.4404457,-6.3515916,4.54934
252634555,-3.5242712,-6.046227,3.4691858
252634565,-3.937412,-6.428232,2.9770093
252634575,-4.5780797,-6.412665,3.410508
252634585,-5.076244,-6.3994923,4.472699
252634594,-4.867877,-6.051017,4.742139
252634604,-4.409231,-5.2139573,5.5133348
252634614,-4.216432,-4.1457787,5.979166
252634624,-4.1361985,-3.4751732,6.0150914
252634634,-3.9086719,-2.9183314,5.7767873
252634644,-3.4512231,-2.389032,5.716912
252634654,-3.4009278,-2.3674767,5.7288866
252634663,-3.8954992,-2.3698719,6.2414207
252634673,-4.0176454,-1.9866687,6.805448
252634683,-3.4823585,-1.5220349,6.6018715
252634693,-3.5362463,-1.1304492,7.0341725
252634703,-3.7170703,-0.7209009,7.582632
252634713,-3.3578174,-0.2945874,7.2880445
252634723,-3.1374755,-0.086220704,7.2952294
252634732,-3.3278797,-0.2706372,7.8796144
252634742,-3.424878,-0.42152345,8.584948
252634752,-2.8524683,-1.4334192,8.783734
252634762,-1.5435901,-2.46208,7.5035963
252634772,-2.0645068,-1.3004956,6.4893055
252634782,-1.2034973,0.23111938,6.0617943
252634792,-1.233435,1.2406201,5.9635987
252634801,-3.1446607,1.4154565,6.47733
252634811,-4.533772,0.86220706,7.3634877
252634821,-5.071454,-0.041912843,8.376581
252634831,-4.8451247,-0.41673338,8.713081
252634841,-4.237987,-0.27542725,8.6136875
252634851,-3.4548156,-0.23710693,8.29994
252634861,-3.197351,-0.6286926,7.9837976
252634871,-3.5458264,-0.8921448,7.6377172
252634880,-4.126619,-0.6993457,7.8784165
252634890,-4.223617,-0.17962646,7.5047936
252634900,-4.211642,0.96399534,7.755073
252634910,-4.3445654,1.717229,7.4712634
252634920,-4.198469,1.9818786,5.8318725
252634930,-3.866759,1.348396,4.404441
252634940,-3.791316,0.9568103,5.1924024
252634949,-4.123026,1.0526111,5.48699
252634959,-3.2260914,1.287323,5.8761806
252634969,-3.7506006,0.30057496,6.2474084
252634979,-5.924081,-0.31494507,7.003037
252634989,-6.3048887,-1.5172448,7.826924
252634999,-5.2750306,-2.9027636,7.95386
252635009,-4.135001,-2.3566992,7.5467067
252635018,-3.0476623,-1.043031,6.8485584
252635028,-2.3004162,0.29099488,5.4893847
252635038,-2.654879,0.94363767,5.5265074
252635048,-3.359015,0.49457154,6.1300526
252635058,-4.1218286,-0.49337402,6.8246083
252635068,-4.070336,-1.4837146,7.4006104
252635078,-3.4691858,-1.8573376,7.5119786
252635087,-2.8524683,-1.7280066,7.9598475
252635097,-2.8105555,-1.3915063,8.444839
252635107,-3.06323,-1.3603711,8.65081
252635117,-2.75068,-1.9016455,6.819818
252635127,-2.4812403,-2.2824535,4.8499146
252635137,-2.5734484,-2.6464965,5.413942
252635147,-2.8596532,-4.094286,6.1528053
252635157,-3.2967443,-5.6833816,6.8509536
252635166,-3.4596057,-6.5384035,5.981561
252635176,-3.1374755,-6.211483,5.945636
252635186,-2.5962012,-4.6319675,6.8725085
252635196,-2.3195765,-2.8057654,7.2808595
252635206,-2.44292,-1.3567786,7.3467226
252635216,-3.3230896,-0.7843689,7.0629125
252635226,-4.4403663,-1.165177,5.835465
252635235,-5.1037865,-2.738705,4.731361
252635245,-5.191205,-4.277505,5.2007847
252635255,-4.9912205,-5.550458,6.1276574
252635265,-4.126619,-5.9228835,7.0018396
252635275,-2.9111462,-5.3708315,7.084468
252635285,-2.4680676,-3.9613624,7.3287597
252635295,-2.3770568,-2.4848328,6.450985
252635304,-3.439248,-1.6621436,5.5312977
252635314,-4.6666956,-1.4549744,4.9505053
252635324,-5.1361194,-1.834585,4.834347
252635334,-4.870272,-2.2561083,5.069059
252635344,-4.414021,-2.7770252,5.576803
252635354,-3.7853284,-2.8524683,6.0893373
252635364,-3.4476306,-2.6009912,6.532416
252635373,-3.4691858,-2.327959,6.3767395
252635383,-3.6164794,-2.1806653,5.6390734
252635393,-3.7757483,-2.339934,4.863087
252635403,-4.101471,-3.2715967,4.0164475
252635413,-4.30385,-4.766089,3.8368213
252635423,-3.974535,-6.314469,4.2092466
252635433,-3.5973194,-7.507189,4.421206
252635442,-3.2356713,-7.3263645,3.3206947
252635452,-3.4655933,-7.2796617,0.21076173
252635462,-5.356461,-6.9946547,0.10178833
252635472,-5.5540504,-7.0868626,1.6310083
252635482,-5.046306,-8.7262535,2.7770252
252635492,-4.2978625,-10.926079,1.8453625
252635502,-3.8990917,-11.617043,-0.2335144
252635512,-5.1217494,-12.723541,1.3292358
252635521,-3.69791,-10.227931,3.4823585
252635531,-3.1207104,-11.111693,3.0787976
252635541,-3.39015,-12.187057,1.7208215
252635551,-3.3518298,-11.928394,-0.45864624
252635561,-3.1075377,-10.44468,-2.1650977
252635571,-3.2380664,-8.794512,-2.9111462
252635581,-3.5637891,-8.080796,-3.4356556
252635590,-4.1373963,-8.287965,-3.5182836
252635600,-4.6714854,-9.095087,-3.2153137
252635610,-4.951703,-10.0770445,-2.7267296
252635620,-4.60682,-11.097323,-2.389032
252635630,-4.0583606,-11.620635,-1.9890637
252635688,-3.2476466,-10.676997,-1.8585352
252635707,-3.2883618,-9.625584,-5.2007847
252635717,-3.7170703,-9.969269,-6.291716
252635727,-3.7637732,-10.4003725,-6.0174866
252635737,-3.1231055,-10.578801,-6.236631
252635747,-2.4788451,-10.40636,-6.598279
252635757,-2.3722668,-10.268646,-6.404282
252635767,-2.14953,-9.374106,-5.413942
252635777,-1.7483642,-7.6712475,-3.4596057
252635787,-1.0585986,-6.9204087,-3.2009437
252635797,-1.6226257,-6.5623536,-2.5147705
252635806,-2.0968397,-6.9599266,-1.2022998
252635816,-2.7123597,-7.0892577,-0.062270507
252635826,-3.685935,-8.013736,0.8562195
252635836,-3.8511915,-8.880733,1.6190332
252635846,-3.5386415,-9.114246,2.830913
252635856,-2.6644592,-9.447155,2.6045837
252635866,-1.6034656,-9.8447275,2.2297633
252635875,-0.671803,-9.701027,2.2680836
252635885,0.13292359,-9.084309,3.0572424
252635895,0.37242553,-8.472382,3.5242712
252635905,-0.27662477,-8.013736,3.5398388
252635915,-1.5579602,-8.174202,3.2668066
252635925,-2.7339149,-8.595725,2.870431
252635935,-3.1626234,-9.438772,1.8142273
252635945,-3.05844,-10.121352,0.14010864
252635954,-2.4908204,-10.448273,-0.8238867
252635964,-1.729204,-9.389674,0.04670288
252635974,-1.0214758,-8.738229,0.5005591
252635984,-0.6430628,-9.268725,0.95321774
252635994,-0.74604857,-9.302256,0.5676196
252636004,-1.3615686,-9.46392,0.24548951
252636014,-2.3327491,-9.27591,0.11136841
252636023,-3.2847693,-9.001681,-0.429906
252636033,-4.2667274,-9.448352,-0.18202148
252636043,-4.7385464,-10.205178,-0.0490979
252636053,-4.6008325,-10.853031,-0.9029224
252636063,-4.1457787,-10.850636,-1.1687695
252636073,-3.7362304,-10.861414,-1.0945239
252636083,-3.0967603,-10.494976,-1.1029065
252636092,-2.8764184,-10.102192,-0.6706055
252636102,-2.9961693,-9.80042,-0.50894165
252636112,-3.2668066,-9.363329,-0.45864624
252636122,-3.5530114,-9.080716,-0.48738647
252636132,-3.7170703,-8.947793,-0.6047424
252636142,-3.7697608,-9.075927,-0.77718383
252636152,-3.6607873,-9.551338,-0.859812
252636162,-3.627257,-9.702224,-0.5987549
252636171,-3.6631823,-9.075927,0.4071533
252636181,-3.441643,-8.962163,0.70533323
252636191,-3.493136,-9.11784,0.4790039
252636201,-3.5254688,-9.532178,-0.3161426
252636211,-3.5254688,-9.360934,-0.74125856
252636221,-3.1350806,-8.709489,-1.2478051
252636231,-2.6273365,-8.014933,-2.410587
252636240,-2.4213648,-7.9035645,-3.0919702
252636250,-2.4800427,-7.5131764,-2.1830604
252636260,-2.7279272,-7.4101906,-0.8430469
252636270,-3.3805702,-7.691605,0.5161267
252636280,-4.4104285,-8.995693,1.0202783
252636290,-5.3241286,-10.308164,1.0574012
252636300,-5.604346,-12.254117,0.49097902
252636309,-5.0750465,-13.178595,-0.51013917
252636319,-4.0727305,-12.304413,-0.7975415
252636329,-3.05365,-10.730885,-0.31015503
252636339,-2.0968397,-9.001681,-0.9136999
252636349,-1.7423767,-7.608977,-2.227368
252636359,-2.2201831,-7.0461473,-3.2680042
252636369,-2.8608508,-7.129973,-3.9086719
252636378,-3.676355,-8.086783,-4.9552956
252636388,-4.1373963,-9.061557,-3.9362147
252636398,-4.29427,-10.086625,-2.9111462
252636408,-3.8559813,-10.614727,-1.7351917
252636418,-3.234474,-10.554852,-1.0597961
252636428,-2.647694,-10.188413,-1.9866687
252636438,-2.3602917,-9.372909,-2.4213648
252636448,-2.386637,-8.448431,-3.4835558
252636457,-2.6393116,-7.6317296,-3.5625916
252636467,-2.9758117,-7.884404,-4.1302114
252636477,-3.309917,-8.480764,-3.9050794
252636487,-3.429668,-9.122629,-3.0883777
252636497,-3.0356872,-9.529782,-3.7003052
252636507,-2.5962012,-9.607621,-3.6236646
252636517,-2.389032,-9.456735,-3.4991236
252636526,-2.384242,-9.245973,-3.8835242
252636536,-2.4333398,-8.994495,-4.31822
252636546,-2.6764343,-8.88672,-4.792434
252636556,-2.8572583,-9.148974,-4.069138
252636566,-2.9291089,-8.931027,-3.988905
252636576,-2.9327013,-8.424481,-4.106261
252636586,-2.6764343,-8.147857,-4.675078
252636595,-2.6752367,-7.09285,-5.0822315
252636605,-3.1626234,-7.8245287,-5.5636306
252636615,-2.9865894,-10.429112,-5.435497
252636625,-2.682422,-11.467354,-4.8666797
252636635,-2.5375233,-10.397977,-3.7925134
252636645,-2.0453467,-8.689131,-4.33259
252636655,-2.0585194,-7.3994126,-5.4319043
252636665,-2.3363416,-6.654562,-6.3671594
252636674,-2.7542725,-6.577921,-6.652167
252636684,-2.8129504,-7.340735,-7.443721
252636694,-3.0356872,-8.880733,-7.7466908
252636704,-3.0308971,-10.320139,-7.39582
252636714,-2.8560607,-11.33922,-6.045029
252636724,-2.4273522,-11.128458,-5.315746
252636734,-2.0429516,-9.798025,-5.2307224
252636743,-2.1159997,-8.57896,-6.036647
252636753,-2.14953,-7.5850267,-6.9240017
252636763,-2.501598,-7.1587133,-7.235354
252636773,-3.0931678,-7.459288,-6.9754944
252636783,-3.3015344,-7.7754307,-6.8976564
252636793,-3.051255,-8.036488,-6.998247
252636803,-2.933899,-8.378976,-6.8018556
252636812,-3.121908,-8.3957405,-6.774313
252636822,-2.8297155,-8.205337,-6.325247
252636832,-2.5758436,-7.940687,-6.556366
252636842,-2.6393116,-8.156239,-7.564669
252636852,-2.7961853,-8.335865,-7.95386
252636862,-2.8668385,-8.5574045,-7.4221654
252636872,-3.0428724,-8.763376,-6.8090405
252636882,-3.0225146,-9.057964,-6.229446
252636891,-3.1183155,-8.8388195,-5.572013
252636901,-3.0296998,-8.804091,-5.53489
252636911,-2.9865894,-8.698711,-5.5923705
252636921,-2.943479,-8.867559,-5.749244
252636931,-2.8548632,-9.2184305,-5.3756213
252636941,-2.990182,-9.269923,-4.5852647
252636951,-3.2895594,-9.299861,-4.1302114
252636960,-3.5254688,-9.156159,-3.4667907
252636970,-3.671565,-9.16574,-3.5386415
252636980,-3.906277,-9.406439,-3.791316
252636990,-3.8308337,-9.836346,-3.7458105
252637000,-3.7434156,-9.989627,-3.354225
252637010,-3.429668,-9.81479,-2.2537134
252637020,-3.485951,-9.319021,-1.2537928
252637029,-4.01525,-9.309441,-2.623744
252637039,-4.29906,-9.193282,-3.739823
252637049,-4.2415795,-8.5154915,-3.3769774
252637059,-3.439248,-7.9011693,-3.7050953
252637069,-3.3398547,-7.7227407,-3.3254845
252637079,-3.6476147,-8.038883,-2.863246
252637089,-4.101471,-8.8388195,-1.6310083
252637099,-4.326603,-9.607621,-0.58438474
252637108,-4.197272,-9.546548,-0.0742456
252637118,-4.02962,-9.230405,-0.4921765
252637128,-3.6991076,-8.941806,-0.57001466
252637138,-3.2117212,-8.899893,-0.10298584
252637148,-3.3626075,-8.356223,1.1723621
252637158,-3.8583765,-8.343051,0.8921448
252637168,-4.663103,-8.23288,1.0933264
252637177,-5.2486854,-8.966953,1.0753638
252637187,-5.23671,-9.178912,1.1448194
252637197,-5.0163684,-9.3944645,1.2502002
252637207,-4.519402,-9.25675,1.3543836
252637217,-3.8978944,-8.531059,1.3292358
252637227,-4.1242237,-7.883207,1.6753162
252637237,-4.8235693,-7.4341407,2.022594
252637246,-5.346881,-7.1838613,2.6081762
252637256,-4.750521,-7.5179663,1.1532019
252637266,-5.0427136,-7.076085,1.463357
252637276,-5.21276,-7.2796617,1.9435583
252637286,-4.8894324,-7.95386,2.572251
252637296,-4.1541615,-8.756191,3.5637891
252637306,-3.7901185,-9.2184305,4.042793
252637315,-3.6943176,-8.914263,3.8799317
252637325,-4.179309,-8.479567,2.8488758
252637335,-4.077521,-7.677235,2.6297314
252637345,-4.211642,-7.157516,2.4728577
252637355,-4.198469,-7.067703,2.0249891
252637365,-4.8738647,-7.2557116,1.775907
252637375,-5.21276,-6.3288393,1.7627344
252637385,-4.5708947,-3.542234,2.0058289
252637394,-3.9517822,-1.8920654,1.3292358
252637404,-4.533772,-2.43813,-0.27422974
252637414,-5.3217335,-4.140989,-0.49696654
252637424,-5.4654346,-6.5012803,-0.45984375
252637434,-4.463119,-9.006471,-0.8466394
252637444,-3.7242553,-10.388397,-1.0717713
252637454,-3.4308655,-10.612331,-1.726809
252637463,-3.2500415,-11.535611,-2.8404932
252637473,-2.6656568,-11.639795,-2.4692652
252637483,-2.2489233,-11.138039,-2.017804
252637493,-2.193838,-10.873388,-2.9291089
252637503,-2.7363098,-10.932067,-3.3494349
252637513,-3.2272887,-11.658955,-4.5984373
252637523,-3.4751732,-12.304413,-5.8330703
252637532,-3.4093103,-11.650573,-7.0090246
252637542,-2.9853919,-10.697354,-7.795789
252637552,-2.8955786,-9.885443,-8.031698
252637562,-2.6560767,-10.090218,-6.7144375
252637572,-2.0501368,-10.036329,-5.623506
252637582,-1.531615,-9.799222,-4.364923
252637592,-0.5340893,-9.745335,-4.4810815
252637601,-0.27662477,-8.529862,-4.2930727
252637611,-0.71730834,-6.974297,-4.1074586
252637647,-2.7075696,-7.091653,-4.637955
252637667,-3.69791,-10.196795,-2.208208
252637677,-2.5734484,-10.830278,-1.5076648
252637686,-1.6872913,-11.191926,-1.7256116
252637696,-1.0813513,-11.207494,-2.4788451
252637706,-0.49097902,-11.020682,-4.101471
252637716,-0.11975098,-9.928554,-5.309758
252637726,0.07783814,-8.890312,-6.582711
252637735,0.20597167,-8.019723,-6.478528
252637745,0.123343505,-7.498806,-6.3288393
252637755,-0.55803955,-7.430548,-5.760022
252637765,-1.2142749,-7.2880445,-5.252278
252637775,-1.6465759,-6.690487,-5.4319043
252637785,-1.8729053,-5.9911413,-6.2330384
252637795,-2.0381615,-5.4259167,-6.5228357
252637804,-1.8848804,-5.540878,-7.418573
252637814,-1.8549427,-5.9635987,-7.7227407
252637824,-1.7507592,-6.646179,-7.3778577
252637834,-1.4681469,-7.266489,-7.1658983
252637844,-1.2801379,-7.7442956,-6.854546
252637854,-1.3723462,-8.049661,-6.5228357
252637864,-1.2130774,-8.090376,-6.734795
252637874,-1.1388317,-8.024513,-7.2090087
252637883,-0.96160036,-7.7993813,-7.8245287
252637893,-0.8837622,-7.5754466,-8.104746
252637903,-0.84065187,-7.3095994,-8.102351
252637913,-0.81191164,-7.38624,-8.090376
252637923,-0.9891431,-7.7670484,-7.8808117
252637933,-1.0442286,-7.644902,-8.153844
252637943,-1.2957056,-7.339537,-8.2233
252637952,-1.5208374,-7.2149963,-8.272397
252637962,-2.071692,-6.7611403,-7.732321
252637972,-2.4201672,-6.7755103,-7.69879
252637982,-2.6668541,-6.77072,-7.93949
252637992,-2.701582,-6.5060706,-8.6208725
252638002,-2.8009753,-6.274951,-8.6208725
252638012,-2.5686584,-6.0079064,-8.729846
252638022,-2.3662794,-5.7528367,-9.153765
252638031,-1.8896704,-5.83786,-10.585986
252638041,-2.0369642,-6.177953,-11.652967
252638051,-2.3495142,-6.246211,-11.06499
252638061,-2.638114,-6.8461633,-10.560839
252638071,-3.0572424,-6.983877,-10.065069
252638081,-3.1039453,-6.507268,-10.332114
252638091,-2.7638526,-5.562433,-10.08902
252638100,-2.3171813,-4.8032117,-9.457932
252638110,-2.2884412,-4.435576,-8.743019
252638120,-2.2561083,-4.461921,-8.708291
252638130,-2.2285657,-4.6978307,-9.136999
252638140,-2.3291564,-5.124144,-9.538165
252638150,-2.6105714,-5.4414845,-9.671089
252638160,-2.7279272,-5.381609,-10.065069
252638170,-2.6369164,-5.461842,-10.78118
252638179,-2.274071,-5.733677,-11.109298
252638189,-3.1745985,-3.0177245,-6.603069
252638199,-0.7879614,-3.3482373,-10.645862
252638209,0.7364685,-6.2031007,-12.109219
252638219,-0.96519285,-7.458091,-10.578801
252638229,-1.719624,-7.149133,-11.063793
252638239,-2.8129504,-6.495293,-10.831476
252638248,-4.951703,-6.2474084,-10.502161
252638258,-6.157595,-5.283413,-10.072254
252638268,-5.859415,-4.707411,-9.59325
252638278,-5.085824,-4.7086086,-8.865165
252638288,-3.6955152,-5.031936,-8.837622
252638298,-2.515968,-4.7912364,-9.104667
252638308,-1.6106507,-4.1924815,-9.942924
252638317,-1.2549902,-4.01525,-10.740465
252638327,-0.732876,-4.91937,-11.7367935
252638337,-0.7472461,-6.4629602,-10.668614
252638347,-1.463357,-7.9814024,-9.019644
252638357,-2.325564,-8.541837,-9.15137
252638367,-3.5230737,-7.6341248,-9.278306
252638377,-4.2415795,-5.508545,-9.904603
252638386,-3.4404457,-5.0894165,-11.215877
252638396,-2.9806018,-6.492898,-9.633966
252638406,-2.3686743,-7.5778418,-7.728728
252638416,-1.343606,-7.276069,-7.5514965
252638426,-1.409469,-5.8019347,-9.071136
252638453,-2.5734484,-3.5601966,-11.00751
252638473,-4.5445495,-4.487069,-10.772798
252638483,-4.8810496,-5.967191,-10.872191
252638493,-4.8966174,-6.062992,-10.260263
252638503,-4.3122325,-4.655918,-10.219548
252638513,-3.3518298,-3.2033386,-11.232641
252638523,-2.9602442,-2.7159522,-11.521241
252638532,-2.9710217,-3.67396,-11.450588
252638542,-2.9099488,-5.0630713,-10.948832
252638552,-2.826123,-6.1863356,-10.617122
252638562,-2.8740234,-6.925199,-10.497371
252638572,-3.1123278,-7.2161937,-9.855505
252638582,-3.0716126,-7.2976246,-8.834029
252638592,-3.309917,-7.6904078,-8.182584
252638602,-3.9673498,-7.8448863,-7.749086
252638611,-4.3924656,-7.5227566,-8.032895
252638621,-4.778064,-7.2317615,-8.9585705
252638631,-5.4881873,-6.4821205,-8.533455
252638641,-5.134922,-5.9935365,-7.819739
252638651,-4.517007,-5.20318,-7.1431456
252638661,-4.6990285,-5.6390734,-9.975256
252638671,-5.779182,-6.7288074,-11.023077
252638680,-4.9481106,-7.5191636,-9.1693325
252638690,-4.235592,-6.7312026,-8.854387
252638700,-4.054768,-5.960006,-10.188413
252638710,-3.97693,-4.9624805,-10.502161
252638720,-3.5230737,-4.8582973,-9.897418
252638730,-2.8740234,-5.484595,-8.840017
252638740,-2.4824378,-5.9061184,-7.691605
252638749,-2.14953,-5.2965856,-7.408993
252638759,-1.9519409,-4.2978625,-7.2928343
252638769,-1.8537451,-4.4583287,-7.220984
252638779,-2.2752686,-5.1864147,-7.306007
252638789,-2.6285338,-6.42943,-7.846084
252638799,-2.76984,-7.267687,-6.6377964
252638809,-2.5327332,-7.5395217,-5.6259007
252638819,-2.1159997,-7.7933936,-5.9228835
252638828,-1.5076648,-7.819739,-5.4271145
252638838,-0.6538403,-8.076006,-5.6630235
252638848,0.123343505,-8.770561,-6.864126
252638858,0.24189697,-8.983718,-6.1180773
252638868,0.3939807,-9.125025,-5.5923705
252638878,0.3927832,-8.786129,-5.997129
252638888,-0.015567627,-7.683223,-7.098838
252638897,-0.25267455,-6.75156,-8.065228
252638907,-0.32811767,-6.2785435,-7.6544824
252638917,-0.28500733,-6.5204406,-7.619755
252638927,-0.63108766,-7.1599107,-7.470066
252638937,-1.0741663,-7.355105,-6.6797094
252638947,-1.0166858,-7.9227247,-6.3372216
252638957,-0.9196875,-8.878338,-6.0546093
252638967,-1.0047107,-8.897497,-5.2798204
252638976,-0.6538403,-8.084389,-5.190007
252638986,-0.39877075,-7.106023,-6.284531
252638996,-0.7640112,-6.412665,-7.709568
252639006,-1.4681469,-6.570736,-9.244776
252639016,-2.4896228,-6.218668,-10.272239
252639026,-3.5386415,-5.391189,-10.819501
252639036,-4.1445813,-3.97693,-10.920092
252639045,-4.198469,-3.2739916,-11.67093
252639055,-3.9457946,-3.2213013,-12.129577
252639065,-3.37099,-3.9948926,-11.803854
252639075,-2.2980213,-5.3313136,-11.281739
252639085,-1.4681469,-6.3695545,-10.403965
252639095,-0.8586145,-6.1695704,-9.645941
252639105,-0.43110353,-5.381609,-10.030342
252639114,-0.6753955,-4.7624965,-10.110575
252639124,-1.1520044,-4.912185,-10.631492
252639134,-1.3376184,-5.7456517,-11.196716
252639144,-1.9519409,-6.3719497,-9.703422
252639154,-1.4621594,-6.668932,-10.188413
252639164,0.05149292,-8.505912,-11.06499
252639174,-1.2274475,-7.9694276,-8.400531
252639183,-1.9447559,-6.0198817,-8.412506
252639193,-2.7159522,-5.5145326,-9.798025
252639203,-3.253634,-5.967191,-9.891431
252639213,-3.05844,-6.829398,-10.657837
252639223,-3.68354,-6.588699,-10.043514
252639233,-3.7877233,-4.3493557,-9.825567
252639243,-3.150648,-3.1602283,-10.811118
252639252,-2.8572583,-2.809358,-10.401569
252639262,-2.010619,-3.4188905,-10.636282
252639272,-1.284928,-4.5696974,-9.673484
252639282,-0.45744872,-5.915698,-9.291478
252639292,-0.26584718,-7.5035963,-9.479487
252639302,-0.4646338,-6.871311,-8.539442
252639312,-0.8490344,-3.911067,-5.773195
252639322,-1.407074,-4.445156,-9.136999
252639331,-2.2393432,-8.582553,-11.304492
252639341,-4.996011,-8.331076,-6.836583
252639351,-5.264253,-6.7407823,-7.8101587
252639361,-4.536167,-5.7875648,-9.323811
252639371,-4.4104285,-4.460724,-9.253158
252639381,-2.5950036,-3.7098854,-13.054054
252639391,-1.6465759,-3.150648,-14.02284
252639400,-1.9854712,-2.4321423,-11.181149
252639410,-1.6082556,-3.0967603,-11.035052
252639420,-2.1782703,-5.302573,-10.474618
252639430,-2.9219239,-6.810238,-9.9153805
252639440,-3.3494349,-6.753955,-9.147778
252639450,-3.4512231,-5.642666,-9.495055
252639460,-3.4188905,-4.414021,-10.617122
252639469,-3.4751732,-3.6116896,-11.111693
252639479,-3.2943494,-3.5482213,-10.494976
252639489,-3.1410682,-4.140989,-9.358539
252639499,-2.7051744,-5.503755,-9.127419
252639509,-2.1782703,-7.005432,-8.8951025
252639519,-1.9291883,-8.549023,-8.056846
252639529,-1.9136206,-9.277108,-6.836583
252639538,-1.9351758,-9.251961,-5.9204884
252639548,-2.198628,-8.783734,-5.3528686
252639558,-2.5854235,-8.49274,-6.124065
252639568,-3.119513,-8.705896,-6.6006737
252639578,-3.4823585,-9.139395,-6.2426186
252639588,-3.5410364,-9.823173,-5.54926
252639598,-3.6536024,-10.41594,-5.0977993
252639608,-4.0200405,-10.784773,-4.197272
252639617,-4.1781116,-11.147618,-3.5937269
252639627,-3.9074743,-11.275752,-3.7925134
252639637,-3.4021254,-11.355985,-5.093009
252639647,-3.6883302,-11.1883335,-6.2545934
252639657,-4.2092466,-10.014774,-6.321654
252639667,-4.6403503,-8.892708,-5.356461
252639677,-4.9373326,-8.614885,-4.0978785
252639686,-4.8726673,-9.044791,-3.434458
252639696,-4.5792775,-9.84832,-2.5327332
252639706,-4.211642,-9.989627,-1.9351758
252639716,-3.3374598,-9.571695,-1.6813037
252639726,-2.9350965,-8.796906,-1.3400134
252639736,-3.187771,-8.509504,-0.6622229
252639746,-3.239264,-8.418493,0.1472937
252639755,-3.2787817,-8.461604,0.93884766
252639765,-3.9505847,-8.378976,1.5735278
252639775,-4.694238,-8.321495,1.5112573
252639785,-5.0103807,-7.97302,1.5483801
252639795,-5.0187635,-7.4125853,1.7423767
252639805,-5.3061657,-6.941964,2.535128
252639815,-5.034331,-6.6844997,2.3327491
252639824,-4.5912523,-6.3839245,2.5758436
252639834,-4.3445654,-5.8294773,2.880011
252639844,-4.179309,-5.388794,3.3985326
252639854,-4.0811133,-5.351671,3.7793407
252639864,-3.849994,-5.2175503,3.754193
252639874,-3.3913476,-4.975653,3.8272412
252639884,-3.2189062,-5.19839,3.97693
252639893,-3.4332604,-5.853428,4.555327
252639903,-3.6847374,-6.758745,5.0870214
252639913,-4.099076,-7.5107813,5.1840196
252639923,-4.0882983,-7.770641,4.733756
252639933,-3.7062926,-7.5119786,4.245172
252639943,-3.798501,-7.4688683,3.3769774
252639953,-3.7781434,-7.2018237,2.6860144
252639963,-3.5410364,-6.4426026,2.151925
252639972,-3.2248938,-5.7767873,1.8094373
252639982,-3.627257,-5.5121374,1.9794836
252640015,-4.29906,-6.074967,2.5411158
252640035,-5.7779846,-6.6306114,1.7220191
252640045,-7.270082,-8.054451,1.7603394
252640055,-8.272397,-10.984757,1.4765296
252640065,-6.5851064,-11.920012,1.7998571
252640075,-1.8142273,-7.9742174,1.2502002
252640084,-0.0371228,-5.7372694,-0.27422974
252640094,-1.8070422,-6.810238,-0.9424402
252640104,-2.858456,-9.265133,-1.3280383
252640114,-3.004552,-10.163265,0.8190967
252640124,-3.3518298,-11.161988,2.2417383
252640134,-3.7877233,-11.90205,1.6848962
252640144,-3.7769458,-10.746452,0.8705896
252640154,-3.6116896,-8.914263,-0.21315674
252640163,-3.4608033,-7.707173,-1.4861096
252640173,-3.3769774,-7.176676,-1.6142431
252640183,-3.1985486,-7.3682775,-1.9854712
252640193,-2.875221,-7.8568616,-1.9399658
252640203,-2.7925928,-8.705896,-2.269281
252640213,-3.1075377,-9.477093,-2.6608667
252640223,-3.0931678,-9.835148,-3.0440698
252640232,-3.3769774,-10.69975,-3.4332604
252640242,-3.36141,-10.884167,-3.5194812
252640252,-3.4631982,-11.224259,-3.993695
252640262,-3.5578015,-11.549982,-4.9948134
252640272,-4.069138,-11.894864,-6.837781
252640282,-5.0307384,-11.030262,-8.308323
252640292,-3.9266346,-8.014933,-7.7442956
252640301,-2.9003687,-7.123986,-6.149213
252640311,-2.3566992,-8.680748,-6.114485
252640321,-2.4680676,-9.914184,-2.858456
252640331,-1.3028907,-10.192005,0.81789917
252640341,0.14370117,-9.020841,0.46104127
252640351,1.1915222,-7.9526625,-2.9183314
252640361,-0.9077124,-6.492898,-3.1542406
252640370,-3.8811293,-7.374265,-2.323169
252640380,-6.1228676,-10.418335,-3.0859826
252640390,-6.8557434,-12.129577,-1.6729212
252640400,-5.2115626,-11.724818,-1.1615845
252640410,-3.2033386,-10.461445,-1.6310083
252640420,-2.0405567,-9.350156,-3.690725
252640430,-2.0130138,-8.630453,-4.301455
252640440,-2.1088147,-9.48308,-3.4069152
252640449,-2.3171813,-10.608739,-1.5040723
252640459,-1.9830762,-12.626543,-1.7028589
252640469,-1.8321899,-13.751004,-2.2070105
252640479,-2.151925,-12.895983,-1.8070422
252640489,-2.3926246,-10.784773,-2.0237916
252640499,-2.696792,-8.698711,-2.499203
252640509,-2.3004162,-7.470066,-3.194956
252640518,-1.9124231,-7.0150123,-3.0716126
252640528,-1.2322376,-8.128696,-3.1302905
252640538,-0.6538403,-9.612411,-3.0919702
252640548,-0.42751098,-11.1955185,-3.427273
252640558,-0.23471192,-12.076886,-4.485872
252640568,-0.32692015,-11.791879,-4.7541137
252640578,-0.5652246,-10.873388,-3.6308496
252640587,-0.9675879,-10.267448,-2.767445
252640597,-1.1591895,-10.038724,-2.4177723
252640607,-1.475332,-9.854308,-1.9675086
252640617,-1.5447876,-9.422007,-1.4813195
252640627,-1.3723462,-9.095087,-1.2657678
252640637,-1.4202466,-9.068742,-0.52450925
252640647,-1.2058923,-8.634046,-0.09939331
252640656,-0.9017249,-8.231682,0.022752685
252640666,-0.8346643,-8.014933,0.554447
252640676,-1.0813513,-8.023315,0.7699988
252640686,-1.52922,-7.7682457,1.5244299
252640696,-2.1555176,-7.61257,1.8357825
252640706,-2.6213489,-7.5299416,2.7231371
252640716,-2.8105555,-7.8377013,3.0129347
252640726,-2.5327332,-8.311915,3.3290772
252640735,-2.1579125,-8.577763,3.5721717
252640745,-1.5112573,-8.576565,3.5015185
252640755,-0.9196875,-8.040081,3.3374598
252640765,-0.68377805,-7.2509217,2.7985804
252640775,-0.88735473,-6.312074,2.6572742
252640785,-1.3723462,-5.5133348,2.572251
252640795,-1.7890795,-5.5384827,2.8931837
252640804,-1.9818786,-6.3288393,4.103866
252640814,-1.6322058,-7.3000197,4.5637097
252640824,-1.2418176,-7.6796303,4.9840355
252640834,-1.0262659,-7.04974,4.482279
252640844,-0.93765014,-5.987549,3.5697765
252640854,-1.3292358,-5.0738487,3.509901
252640864,-1.8226099,-4.6714854,3.6631823
252640873,-2.3626869,-4.8032117,4.3206153
252640883,-2.5734484,-5.4702244,4.487069
252640893,-2.8081603,-5.924081,5.0307384
252640903,-2.7901978,-6.1887302,5.7588243
252640913,-2.7339149,-6.2318406,6.119275
252640923,-2.6668541,-6.001919,6.052214
252640933,-2.8788135,-5.971981,6.0809546
252640943,-2.9722192,-6.101312,6.4569726
252640952,-2.9937744,-6.375542,6.558761
252640962,-3.0129347,-6.688092,6.773115
252640972,-3.2404613,-6.885681,6.9036436
252640982,-3.2440538,-6.564749,6.6006737
252640992,-3.290757,-5.8642054,5.892946
252641002,-3.4476306,-5.3540664,5.2678456
252641012,-3.6464171,-5.4043617,5.0175657
252641021,-3.8943017,-6.0103016,5.393584
252641031,-3.8116736,-6.709647,6.246211
252641041,-3.6236646,-7.4640784,7.3491173
252641051,-3.234474,-7.5491014,7.3203773
252641061,-2.999762,-7.0748878,6.8629284
252641071,-3.1554382,-6.603069,5.879773
252641081,-3.4512231,-5.8809705,5.3121533
252641090,-3.8907092,-5.53489,5.0283437
252641100,-4.022435,-5.7097263,5.0942063
252641110,-4.2272096,-5.9372535,5.7588243
252641120,-4.176914,-6.444998,6.541996
252641130,-4.2655296,-6.8066454,7.0748878
252641140,-4.3146276,-6.6629443,7.5251513
252641150,-4.076323,-6.650969,7.467671
252641160,-3.5601966,-6.915619,7.3371425
252641169,-4.9864306,-7.5814342,11.536809
252641179,-5.0115786,-6.070177,9.231603
252641189,-2.9003687,-2.5938063,3.547024
252641199,-0.8753796,-2.0369642,1.4513818
252641209,-0.8358618,-3.0273046,4.566105
252641219,-2.0501368,-5.80433,6.1456203
252641229,-4.277505,-7.70837,6.7335973
252641238,-5.0570836,-7.5850267,6.3911095
252641248,-4.2763076,-4.7050157,5.9228835
252641258,-2.9674292,-2.2477257,5.3313136
252641268,-2.7446923,-1.1663746,5.300178
252641278,-3.730243,-1.5914905,4.942123
252641288,-4.6571155,-2.2704785,5.3121533
252641298,-4.780459,-2.6153612,5.767207
252641307,-4.132606,-2.525548,6.312074
252641317,-3.8631666,-2.6680517,6.7479677
252641327,-3.6524048,-3.0596375,6.7324
252641337,-3.547024,-3.3578174,6.753955
252641347,-3.3805702,-3.478766,6.7407823
252641357,-3.2332764,-3.4775684,7.012617
252641367,-3.2811768,-3.5075061,7.1443434
252641376,-3.3697925,-3.4332604,7.2221813
252641386,-3.5170863,-3.253634,7.35271
252641396,-3.4835558,-3.0488598,7.332352
252641406,-3.2715967,-2.7913952,7.286847
252641416,-3.1374755,-2.4968078,7.2245765
252641426,-2.9291089,-2.2656884,7.101233
252641436,-2.7890003,-2.137555,6.8976564
252641445,-3.0153296,-2.15911,6.773115
252641455,-3.1111305,-2.1806653,6.6234264
252641465,-3.1638207,-2.1722827,6.860533
252641475,-3.1410682,-2.290836,6.9036436
252641485,-2.9374914,-2.274071,6.9060388
252641495,-3.1470556,-2.2932312,7.132368
252641505,-3.214116,-2.339934,7.195836
252641515,-2.945874,-2.0249891,6.412665
252641524,-2.8692334,-1.9842737,6.2881236
252641534,-3.290757,-2.3028114,6.3228517
252641544,-3.7098854,-2.5004003,6.43901
252641554,-3.6512072,-2.5973988,6.4246397
252641564,-3.4009278,-2.4608827,6.7623377
252641574,-3.2548316,-2.3830445,7.1359606
252641584,-3.441643,-2.266886,7.3586974
252641593,-3.5110986,-1.9411633,7.508386
252641603,-3.3949401,-1.4453943,7.274872
252641613,-3.4883459,-1.0681787,7.125183
252641623,-3.6919227,-0.80233157,7.0557275
252641633,-3.857179,-0.7041357,7.2149963
252641643,-3.6991076,-0.7723938,7.267687
252641653,-3.5122962,-0.88974977,7.33834
252641662,-3.4943335,-1.0382409,7.3838453
252641672,-3.1446607,-1.0526111,7.491621
252641682,-3.0883777,-1.0274634,7.2317615
252641692,-3.4631982,-1.101709,7.220984
252641702,-3.4763708,-1.0609937,6.827003
252641712,-3.4009278,-1.1915222,6.605464
252641722,-3.2057335,-1.1711645,5.924081
252641731,-2.8536658,-0.83825684,5.5708156
252641741,-3.014132,-1.2346326,5.5145326
252641751,-3.9996827,-1.7208215,6.0893373
252641761,-4.6187954,-2.0213964,6.514453
252641771,-4.421206,-1.6801062,6.7132397
252641781,-3.8332288,-1.0142908,7.132368
252641791,-3.0273046,-0.53169435,7.268884
252641800,-2.4656725,-0.29937744,7.4952135
252641810,-2.802173,-0.62989014,7.555089
252641820,-3.6356397,-0.99752563,7.2293663
252641830,-3.993695,-1.0238708,7.218589
252641840,-3.8140686,-0.99752563,7.747888
252641850,-3.671565,-1.0382409,7.95386
252641860,-3.2620165,-1.3495935,8.450827
252641870,-3.2919543,-2.142345,9.099876
252641879,-3.1590307,-1.9243982,8.552615
252641889,-4.0104604,-3.150648,9.954899
252641899,-3.6368372,-2.880011,9.610016
252641909,-2.3531067,-2.5147705,8.34784
252641919,-2.1076171,-1.7962646,6.753955
252641929,-2.626139,-0.9089099,6.0330544
252641939,-3.7206628,-0.87657714,7.6005945
252641948,-3.7721558,-1.4178516,8.652008
252641958,-2.889591,-1.8333875,8.020921
252641968,-2.3590941,-1.84177,6.7455726
252641978,-2.3950195,-2.3016138,6.4893055
252641988,-2.3710694,-3.0895753,7.225774
252641998,-3.1614258,-3.8416114,8.0017605
252642008,-3.7613783,-3.3961377,8.262817
252642017,-8.747808,-6.490503,26.777515
252642027,-2.574646,-1.3891113,6.6773143
252642037,8.709489,12.86365,-21.80785
252642047,-0.29578492,3.222499,3.8811293
252642057,-6.5851064,-15.596367,14.471906
252642067,-6.9192114,-7.012617,6.9096313
252642077,-5.7588243,-5.51573,8.184979
252642086,-1.6310083,0.27422974,10.414742
252642096,-1.0011182,3.0668225,8.600515
252642106,-3.8044884,2.2728736,7.0401597
252642116,-5.300178,-0.05149292,6.077362
252642126,-4.939728,-1.6980689,6.6701293
252642136,-3.5625916,-2.384242,7.2437367
252642146,-2.6692493,-2.4273522,7.7419004
252642155,-2.647694,-2.3830445,7.7347155
252642165,-3.1745985,-2.0489392,7.36708
252642175,-3.5039136,-1.6118481,7.03537
252642185,-3.4260755,-1.3016931,6.6557593
252642195,-3.3626075,-1.1100916,6.676117
252642205,-3.2105236,-1.2621753,6.843768
252642215,-3.4152977,-1.463357,7.091653
252642224,-3.4572108,-1.6573535,7.098838
252642234,-3.4799633,-1.5651453,7.186256
252642244,-3.4691858,-1.4621594,7.5107813
252642254,-3.3446448,-1.4250367,7.5981994
252642264,-3.2883618,-1.5304174,7.8568616
252642274,-3.1566358,-1.4010864,7.9107494
252642284,-3.0716126,-1.2609777,7.9287124
252642293,-3.0296998,-1.0681787,8.037685
252642303,-3.026107,-0.9029224,7.988588
252642313,-2.9183314,-0.7113208,7.8784165
252642323,-2.9770093,-0.66821045,7.69879
252642333,-3.3159046,-0.7424561,7.6688523
252642343,-3.3422499,-0.76161623,7.709568
252642353,-3.3374598,-0.7496411,7.5491014
252642363,-3.3326697,-0.857417,7.6341248
252642372,-3.2823744,-0.8801697,7.4616833
252642382,-3.3326697,-0.798739,7.6568775
252642392,-3.3410523,-0.7807764,7.5203614
252642402,-3.3602123,-0.73048097,7.4485106
252642412,-3.485951,-0.75083864,7.315587
252642422,-3.3482373,-0.8849597,7.249724
252642432,-3.3398547,-0.8418494,7.162306
252642441,-3.2668066,-0.90531737,7.3443274
252642451,-3.2201037,-0.7256909,7.1946387
252642461,-3.368595,-0.51013917,7.203021
252642471,-3.2332764,-0.31374756,7.1347632
252642481,-3.263214,-0.33410522,7.155121
252642491,-3.2919543,-0.25387207,7.197034
252642501,-3.368595,-0.37721556,7.316785
252642510,-3.417693,-0.50774413,7.3119946
252642520,-3.3422499,-0.60354495,7.274872
252642530,-3.3254845,-0.58558226,7.4461155
252642540,-3.36141,-0.7244934,7.301217
252642550,-3.2057335,-0.6885681,7.2832546
252642560,-3.1793885,-0.556842,7.4544983
252642570,-3.3063245,-0.5412744,7.322772
252642579,-3.263214,-0.27422974,7.33355
252642589,-3.3206947,-0.19878662,7.259304
252642599,-3.307522,-0.12573853,7.3203773
252642609,-3.3039293,-0.31734008,7.294032
252642619,-3.1686108,-0.29817992,7.3766603
252642629,-3.1015503,-0.43709105,7.408993
252642639,-3.2105236,-0.75682616,7.4497085
252642648,-3.150648,-0.79514647,7.442523
252642658,-3.1566358,-0.72928345,7.4461155
252642668,-3.0799952,-0.796344,7.310797
252642678,-3.1111305,-0.7855664,7.3586974
252642688,-3.1434631,-0.67898804,7.3000197
252642698,-3.014132,-0.6227051,7.3443274
252642708,-3.0392797,-0.61552,7.33355
252642718,-2.9770093,-0.42032593,7.2341566
252642727,-2.938689,-0.45026368,7.2784643
252642737,-2.9350965,-0.4778064,7.267687
252642747,-2.9985645,-0.71850586,6.8772984
252642757,-5.2091675,-0.53169435,5.605543
252642767,-2.3578968,0.45864624,6.4725404
252642777,-1.4609619,-0.04550537,7.5598793
252642787,-1.9232007,-1.2490027,8.23767
252642796,-3.0225146,-1.6346009,8.208929
252642806,-3.7829332,-1.1591895,7.96823
252642816,-3.6236646,-0.31374756,7.8867993
252642826,-3.3159046,0.33530274,7.7430983
252642836,-3.009342,0.4682263,7.4101906
252642846,-3.8284388,-0.104183346,7.408993
252642856,-3.742218,-0.37003052,7.763456
252642865,-3.2823744,-0.14250366,7.9718227
252642875,-3.119513,-0.021555176,7.764653
252642885,-3.0344896,-0.05029541,7.500004
252642895,-3.0356872,-0.25267455,7.411388
252642905,-3.0560448,-0.4430786,7.538324
252642915,-3.0524523,-0.52570677,7.4568934
252642925,-2.982997,-0.6059399,7.540719
252642934,-2.9734168,-0.6993457,7.482041
